KZ,Abai,KZ-10
CI,Abidjan,CI-AB
IT,Abruzzo,IT-65
AZ,Absheron,AZ-ABS
AE,Abu Dhabi,AE-AZ
YE,Abyan,YE-AB
ID,Aceh,ID-AC
ET,Addis Ababa,ET-AA
MV,Addu City,MV-01
YE,Aden,YE-AD
MR,Adrar,MR-07
RU,Adygea,RU-AD
ET,Afar,ET-AF
AZ,Agdash,AZ-AGS
NO,Agder,NO-42
AZ,Aghdam,AZ-AGM
AZ,Aghjabadi,AZ-AGC
AZ,Aghstafa,AZ-AGA
AZ,Aghsu,AZ-AGU
TM,Ahal,TM-A
KW,Ahmadi,KW-AH
JP,Aichi,JP-23
FR,Ain,FR-01
CL,Aisen,CL-AI
FR,Aisne,FR-02
JO,Ajloun,JO-AJ
AE,Ajman,AE-AJ
LB,Akkar,LB-AK
KZ,Akmola,KZ-11
IS,Akranes (Market) Town,IS-AKN
KZ,Aktobe,KZ-15
IS,Akureyri Town,IS-AKU
EG,Al Sharqia,EG-SHR
FI,Åland,FI-01
IR,Alborz,IR-30
SY,Aleppo,SY-HL
EG,Alexandria,EG-ALX
FR,Allier,FR-03
KZ,Almaty,KZ-19
KZ,Almaty City,KZ-75
FR,Alps of Upper Provence,FR-04
FR,Alsace,FR-6AE
RU,Altai,RU-ALT
LT,Alytus County,LT-AL
VE,Amacuro Delta,VE-Y
PY,Amambay,PY-13
ET,Amara,ET-AM
CO,Amazonia,CO-AMA
VE,Amazonia,VE-Z
JO,Amman,JO-AM
LK,Ampara,LK-52
YE,Amran,YE-AM
RU,Amur,RU-AMU
IQ,Anbar,IQ-AN
ES,Andalusia,ES-AN
UZ,Andijan,UZ-AN
CN,Anhui,CN-AH
GQ,Annobon,GQ-AN
ER,Anseba,ER-AN
CO,Antioquia,CO-ANT
CL,Antofagasta,CL-AN
BE,Antwerp,BE-VAN
LK,Anuradhapura,LK-71
VE,Anzoategui,VE-B
IT,Aosta Valley,IT-23
IT,Apulia,IT-75
VE,Apure,VE-C
JO,Aqaba,JO-AQ
AM,Aragatsotn,AM-AG
ES,Aragon,ES-AR
VE,Aragua,VE-D
AM,Ararat,AM-AR
CO,Arauca,CO-ARA
IS,Arborg Township,IS-SFA
IR,Ardabil,IR-24
FR,Ardèche,FR-07
FR,Ardennes,FR-08
CL,Arica and Parinacota,CL-AP
FR,Ariège,FR-09
RU,Arkhangelsk,RU-ARK
AM,Armavir,AM-AV
FR,Armor Coast,FR-22
IS,Arnes District,IS-ARN
CU,Artemisa,CU-15
HT,Artibonite,HT-AR
IS,Asa District,IS-ASA
TM,Ashgabat,TM-S
SA,Asir,SA-14
MR,Assaba,MR-03
KZ,Astana,KZ-71
AZ,Astara,AZ-AST
RU,Astrakhan,RU-AST
PY,Asuncion,PY-ASU
EG,Aswan,EG-ASN
EG,Asyut,EG-AST
CL,Atacama,CL-AT
FR,Atlantic Loire,FR-44
FR,Atlantic Pyrenees,FR-64
CO,Atlantico,CO-ATL
MT,Attard,MT-01
GR,Attica,GR-I
KZ,Atyrau,KZ-23
FR,Aube,FR-10
FR,Aude,FR-11
FR,Auvergne-Rhône-Alps,FR-ARA
GL,Avannaata,GL-AV
PT,Aveiro,PT-01
FR,Aveyron,FR-12
SO,Awdal,SO-AW
PK,Azad Jammu and Kashmir,PK-JK
PT,Azores,PT-20
DO,Azua,DO-02
EC,Azuay,EC-A
LB,Baalbek-Hermel,LB-BH
AZ,Babek,AZ-BAB
IQ,Babylon,IQ-BB
AF,Badakhshan,AF-BDS
DE,Baden-Württemberg,DE-BW
AF,Badghis,AF-BDG
LK,Badulla,LK-81
IQ,Baghdad,IQ-BG
AF,Baghlan,AF-BGL
SA,Baha,SA-11
TD,Bahr El Gazal,TD-BG
SO,Bakool,SO-BK
AZ,Baku,AZ-BA
AZ,Balakan,AZ-BAL
ES,Balearic Islands,ES-IB
ID,Bali,ID-BA
TM,Balkan,TM-B
AF,Balkh,AF-BAL
PK,Balochistan,PK-BA
JO,Balqa,JO-BA
MT,Balzan,MT-02
AF,Bamyan,AF-BAM
SO,Banaadir,SO-BN
CI,Bandama Valley,CI-VB
ID,Bangka Belitung Islands,ID-BB
SK,Banská Bystrica,SK-BC
ID,Banten,ID-BT
DO,Baoruco,DO-03
DO,Barahona,DO-04
AZ,Barda,AZ-BAR
SO,Bari,SO-BR
VE,Barinas,VE-E
RU,Bashkortostan,RU-BA
IT,Basilicata,IT-77
ES,Basque Country,ES-PV
IQ,Basra,IQ-BA
TD,Batha,TD-BA
KG,Batken,KG-B
LK,Batticaloa,LK-51
DE,Bavaria,DE-BY
SO,Bay,SO-BY
EG,Beheira,EG-BH
YE,Beida,YE-BA
CN,Beijing,CN-BJ
LB,Beirut,LB-BA
PT,Beja,PT-02
FR,Belfort Territory,FR-90
RU,Belgorod,RU-BEL
RS,Belgrade,RS-00
LY,Benghazi,LY-BA
ID,Bengkulu,ID-BE
AO,Bengo,AO-BGO
AO,Benguela,AO-BGU
EG,Beni Suef,EG-BNS
ET,Benshangul-Gumaz,ET-BE
LB,Beqaa,LB-BI
DE,Berlin,DE-BE
PS,Bethlehem,PS-BTH
AZ,Beylagan,AZ-BEY
AO,Bie,AO-BIE
HT,Big Cove,HT-GA
AZ,Bilasuvar,AZ-BIL
CL,Biobio,CL-BI
MT,Birgu,MT-03
MT,Birkirkara,MT-04
MT,Birżebbuġa,MT-05
KG,Bishkek,KG-GB
HR,Bjelovar-Bilogora,HR-07
CG,Black Point,CG-16
IS,Blaskoga Settlement,IS-BLA
SE,Blekinge,SE-K
SD,Blue Nile,SD-NB
NI,Boaco,NI-BO
PA,Bocas del Toro,PA-1
CO,Bogota,CO-DC
CO,Bolivar,CO-BOL
EC,Bolivar,EC-B
VE,Bolivar,VE-F
IS,Bolungarvik (Market) Town,IS-BOL
PY,Boqueron,PY-19
RS,Bor,RS-14
IS,Borgar Settlement,IS-BOG
TD,Borkou,TD-BO
MT,Bormla,MT-06
CG,Bouenza,CG-11
CO,Boyaca,CO-BOY
PT,Braga,PT-03
PT,Bragança,PT-04
MR,Brakna,MR-05
DE,Brandenburg,DE-BB
RS,Braničevo,RS-11
SK,Bratislava,SK-BL
CG,Brazzaville,CG-BZV
BA,Brčko District,BA-BRC
DE,Bremen,DE-HB
BY,Brest,BY-BR
FR,Brittany,FR-BRE
HR,Brod-Posavina,HR-12
BE,Brussels,BE-BRU
RU,Bryansk,RU-BRY
UZ,Bukhara,UZ-BU
OM,Buraymi,OM-BU
AT,Burgenland,AT-1
FR,Burgundy-Franche-Comté,FR-BFC
RU,Buryatia,RU-BU
KR,Busan,KR-26
IR,Bushehr,IR-18
LY,Butnan,LY-BU
PY,Caaguazu,PY-5
PY,Caazapa,PY-6
AO,Cabinda,AO-CAB
EG,Cairo,EG-C
IT,Calabria,IT-78
CO,Caldas,CO-CAL
FR,Calvados,FR-14
CU,Camaguey,CU-09
IT,Campania,IT-72
EC,Canar,EC-F
ES,Canary Islands,ES-CN
PY,Canindeyu,PY-14
ES,Cantabria,ES-CB
FR,Cantal,FR-15
KW,Capital,KW-KU
BH,Capital Governorate,BH-13
DK,Capital Region,DK-84
IS,Capital Region,IS-1
CO,Caqueta,CO-CAQ
VE,Carabobo,VE-G
VE,Caracas,VE-A
NI,Carazo,NI-CA
EC,Carchi,EC-C
AT,Carinthia,AT-2
CO,Casanare,CO-CAS
ES,Castile and León,ES-CL
ES,Castile-La Mancha,ES-CM
ES,Catalonia,ES-CT
CO,Cauca,CO-CAU
CO,Cauca Valley,CO-VAC
HT,Center,HT-CE
ER,Central,ER-MA
OM,Central,OM-WU
PY,Central,PY-11
TG,Central,TG-C
RS,Central Banat,RS-02
CZ,Central Bohemia,CZ-20
SD,Central Darfur (local variant: Zalingei),SD-DC
DK,Central Denmark,DK-82
FI,Central Finland,FI-08
GR,Central Greece,GR-H
ID,Central Java,ID-JT
ID,Central Kalimantan,ID-KT
CD,Central Kasai,CD-KC
IR,Central Khorasan,IR-09
CD,Central Kongo,CD-BC
GR,Central Macedonia,GR-B
FI,Central Ostrobothnia,FI-07
ID,Central Papua,ID-PT
LK,Central Province,LK-2
MW,Central Region,MW-C
ID,Central Sulawesi,ID-ST
FR,Centre-Loire Valley,FR-CVL
CO,Cesar,CO-CES
ES,Ceuta,ES-CE
KP,Chagang,KP-04
IR,Chaharmahal and Bakhtiari,IR-14
FR,Channel,FR-50
FR,Charente,FR-16
TD,Chari-Baguirmi,TD-CB
ES,Chartered Community of Navarre,ES-NC
RU,Chechnya,RU-CE
RU,Chelyabinsk,RU-CHE
FR,Cher,FR-18
UA,Cherkasy,UA-71
UA,Chernihiv,UA-74
UA,Chernivtsi,UA-77
JP,Chiba,JP-12
GT,Chimaltenango,GT-04
EC,Chimborazo,EC-H
NI,Chinandega,NI-CI
GT,Chiquimula,GT-20
PA,Chiriqui,PA-4
CO,Choco,CO-CHO
CN,Chongqing,CN-CQ
NI,Chontales,NI-CO
DO,Christ Mountain,DO-15
RU,Chukotka,RU-CHU
RU,Chuvashia,RU-CU
KG,Chuy,KG-C
CU,Ciego de Avila,CU-08
CU,Cienfuegos,CU-06
FR,City of Paris,FR-75C
CU,Clara City,CU-05
FR,Clipperton,FR-CP
GQ,Coast,GQ-LI
TZ,Coast,TZ-19
PA,Cocle,PA-2
PT,Coimbra,PT-06
VE,Cojedes,VE-H
LK,Colombo,LK-11
PA,Colon,PA-3
ES,Community of Madrid,ES-MD
CI,Comoé,CI-CM
PY,Concepcion,PY-1
GQ,Continental,GQ-C
CL,Coquimbo,CL-CO
PY,Cordillera,PY-3
CO,Cordoba,CO-COR
FR,Corrèze,FR-19
FR,Corsica,FR-20R
EC,Cotopaxi,EC-X
GR,Crete,GR-M
FR,Creuse,FR-23
UA,Crimea,UA-43
AO,Cuando Cubango,AO-CCU
CO,Cundinamarca,CO-CUN
AO,Cunene,AO-CNN
CG,Cuvette,CG-8
QA,Daayen,QA-ZA
KR,Daegu,KR-27
KR,Daejeon,KR-30
RU,Dagestan,RU-DA
DO,Dajabon,DO-05
EG,Dakahlia,EG-DK
IS,Dala Settlement,IS-DAB
SE,Dalarna,SE-W
IS,Dalvik Settlement,IS-DAV
SY,Damascus,SY-DI
SY,Damascus Countryside,SY-RD
EG,Damietta,EG-DT
SY,Daraa,SY-DR
PA,Darien,PA-5
AZ,Dashkasan,AZ-DAS
TM,Dashoguz,TM-D
AF,Daykundi,AF-DAY
PS,Deir El Balah,PS-DEB
SY,Deir Ezzor,SY-DY
CI,Denguélé,CI-DN
LY,Derna,LY-DR
OM,Dhahira,OM-ZA
YE,Dhale,YE-DA
YE,Dhamar,YE-DH
IQ,Dhi Qar,IQ-DQ
OM,Dhofar,OM-ZU
MT,Dingli,MT-07
ET,Dire Dawa,ET-DD
TJ,districts under government jurisdiction,TJ-RA
IQ,Diyala,IQ-DI
GQ,Djibloho,GQ-DJ
UA,Dnipropetrovsk,UA-12
QA,Doha,QA-DA
UA,Donetsk,UA-14
FR,Dordogne,FR-24
FR,Doubs,FR-25
NL,Drenthe,NL-DR
FR,Drôme,FR-26
DO,Duarte,DO-06
AE,Dubai,AE-DU
HR,Dubrovnik-Neretva,HR-19
IQ,Duhok,IQ-DA
TJ,Dushanbe,TJ-DU
GW,East,GW-L
IR,East Azerbaijan,IR-03
SD,East Darfur,SD-DE
TD,East Ennedi,TD-EE
BE,East Flanders,BE-VOV
ID,East Java,ID-JI
ID,East Kalimantan,ID-KI
KZ,East Kazakhstan,KZ-63
TD,East Mayo-Kebbi,TD-ME
ID,East Nusa Tenggara,ID-NT
SA,Eastern,SA-04
MR,Eastern Basin,MR-01
CD,Eastern Kasai,CD-KE
TD,Eastern Logone,TD-LR
GR,Eastern Macedonia and Thrace,GR-A
LK,Eastern Province,LK-5
FR,Eastern Pyrenees,FR-66
IS,Eastern Rangarthing,IS-RGE
IS,Eastern Region,IS-7
GT,El Progreso,GT-02
DO,El Seibo,DO-08
DO,Elias Pina,DO-07
PA,Embera,PA-EM
IT,Emilia-Romagna,IT-45
DO,Enriquillo,DO-38
GR,Epirus,GR-D
CD,Equator,CD-EQ
IQ,Erbil,IQ-AR
GT,Escuintla,GT-05
EC,Esmeraldas,EC-E
DO,Espaillat,DO-09
FR,Essonne,FR-91
NI,Estelí,NI-ES
GA,Estuary,GA-1
FR,Eure,FR-27
FR,Eure and Loir,FR-28
PT,Evora,PT-07
ES,Extremadura,ES-EX
IS,Eyja and Miklaholt District,IS-EOM
IS,Eyjafjordur Village,IS-EYF
MV,Faadhippolhu,MV-03
EG,Faiyum,EG-FYM
VE,Falcon,VE-I
CY,Famagusta,CY-04
AF,Farah,AF-FRA
PT,Faro,PT-08
IR,Fars,IR-07
KW,Farwaniya,KW-FA
AF,Faryab,AF-FYB
VE,Federal Dependencies,VE-W
BA,Federation of Bosnia and Herzegovina,BA-BIH
MV,Felidhu Atoll,MV-04
UZ,Fergana,UZ-FA
MT,Fgura,MT-08
FR,Finisterre,FR-29
IS,Fjalla Settlement,IS-FJL
IS,Fjarda Settlement,IS-FJD
BE,Flanders,BE-VLG
BE,Flemish Brabant,BE-VBR
NL,Flevoland,NL-FL
IS,Fljotsdalur District,IS-FLR
IS,Floa District,IS-FLA
MT,Floriana,MT-09
MT,Fontana,MT-10
FR,French Guiana,FR-973
FR,French Polynesia,FR-PF
FR,French Southern Territories,FR-TF
NL,Friesland,NL-FR
IT,Friuli Venezia Giulia,IT-36
AE,Fujairah,AE-FU
CN,Fujian,CN-FJ
JP,Fukui,JP-18
JP,Fukuoka,JP-40
JP,Fukushima,JP-07
MV,Fuvammulah,MV-29
AZ,Fuzuli,AZ-FUZ
AZ,Gabala,AZ-QAB
AZ,Gadabay,AZ-GAD
AZ,Gakh,AZ-QAX
EC,Galapagos,EC-W
SO,Galguduud,SO-GA
ES,Galicia,ES-GA
LK,Galle,LK-31
ET,Gambela Peoples,ET-GA
LK,Gampaha,LK-12
KR,Gangwon,KR-42
AZ,Ganja,AZ-GA
CN,Gansu,CN-GS
FR,Gard,FR-30
IS,Garda Town,IS-GAR
ER,Gash-Barka,ER-GB
SE,Gävleborg,SE-X
PS,Gaza,PS-GZA
AZ,Gazakh,AZ-QAZ
SD,Gedaref,SD-GD
SO,Gedo,SO-GE
AM,Gegharkunik,AM-GR
NL,Gelderland,NL-GE
FR,Gers,FR-32
SD,Gezira,SD-GZ
MT,Għajnsielem,MT-13
MT,Għarb,MT-14
EG,Gharbia,EG-GH
MT,Għargħur,MT-15
MT,Għasri,MT-16
LY,Ghat,LY-GT
MT,Għaxaq,MT-17
AF,Ghazni,AF-GHA
AF,Ghōr,AF-GHO
JP,Gifu,JP-21
IR,Gilan,IR-01
PK,Gilgit-Baltistan,PK-GB
FR,Gironde,FR-33
EG,Giza,EG-GZ
AZ,Gobustan,AZ-QOB
CI,Gôh-Djiboua,CI-GD
FR,Gold Coast,FR-21
IR,Golestan,IR-27
BY,Gomel,BY-HO
AZ,Goranboy,AZ-GOR
MR,Gorgol,MR-04
RU,Gorno-Altai,RU-AL
TJ,Gorno-Badakhshan,TJ-GB
ID,Gorontalo,ID-GO
SE,Gotland,SE-I
AZ,Goychay,AZ-GOY
AZ,Goygol,AZ-GYG
NI,Granada,NI-GR
CU,Granma,CU-12
FR,Great East,FR-GES
DO,Great Herd,DO-30
FR,Greater Lyon,FR-69M
PL,Greater Poland,PL-30
LY,Green Mountain,LY-JA
IS,Grimsnes and Grafnings District,IS-GOG
IS,Grindavik Town,IS-GRN
BY,Grodno,BY-HR
NL,Groningen,NL-GR
IS,Grundarfjordur Town,IS-GRU
IS,Grytubakka District,IS-GRY
FR,Guadeloupe,FR-971
CO,Guainia,CO-GUA
PY,Guaira,PY-4
CN,Guangdong,CN-GD
CN,Guangxi,CN-GX
CU,Guantanamo,CU-14
PT,Guarda,PT-09
VE,Guarico,VE-J
GT,Guatemala,GT-01
CO,Guaviare,CO-GUV
EC,Guayas,EC-G
AZ,Guba,AZ-QBA
AZ,Gubadlı,AZ-QBI
MT,Gudja,MT-11
TD,Guera,TD-GR
MR,Guidimaka,MR-10
CN,Guizhou,CN-GZ
PA,Guna Yala,PA-KY
AZ,Gusar,AZ-QUS
KR,Gwangju,KR-29
KR,Gyeonggi,KR-41
MT,Gżira,MT-12
SA,Ha’il,SA-06
YE,Hadhramaut,YE-HD
TD,Hadjer Lamis,TD-HL
IS,Hafnarfjordur (Market) Town,IS-HAF
MV,Hahdhunmathi,MV-05
CN,Hainan,CN-HI
BE,Hainaut,BE-WHT
AZ,Hajigabul,AZ-HAC
YE,Hajjah,YE-HJ
SE,Halland,SE-N
SY,Hama,SY-HM
IR,Hamadan,IR-13
LK,Hambantota,LK-33
DE,Hamburg,DE-HH
MT,Ħamrun,MT-18
ET,Harari People,ET-HA
EE,Harju,EE-37
SY,Hasaka,SY-HA
CU,Havana,CU-03
KW,Hawalli,KW-HA
CN,Hebei,CN-HE
PS,Hebron,PS-HBN
CN,Heilongjiang,CN-HL
AF,Helmand,AF-HEL
CN,Henan,CN-HA
AF,Herat,AF-HER
FR,Herault,FR-34
PA,Herrera,PA-6
DE,Hesse,DE-HE
ID,Highland Papua,ID-PE
DO,Higuamo,DO-39
SO,Hiiraan,SO-HI
EE,Hiiu,EE-39
JP,Hiroshima,JP-34
JP,Hokkaido,JP-01
CU,Holguin,CU-11
PL,Holy Cross,PL-26
CU,Holy Spirit,CU-07
SY,Homs,SY-HI
CN,Hong Kong,CN-HK
IS,Horgar Village,IS-HRG
IR,Hormozgan,IR-22
IS,Hornafjordur Township,IS-SHF
CZ,Hradec Králové,CZ-52
IS,Hrunamanna District,IS-HRU
AO,Huambo,AO-HUA
CN,Hubei,CN-HB
GT,Huehuetenango,GT-13
AO,Huila,AO-HUI
CO,Huila,CO-HUI
IS,Huna Settlement,IS-HUG
CN,Hunan,CN-HN
IS,Hvalfjordur Village,IS-HVA
IS,Hveragerdi Town,IS-HVE
JP,Hyogo,JP-28
YE,Ibb,YE-IB
EE,Ida-Viru,EE-45
SY,Idlib,SY-ID
MT,Iklin,MT-19
IR,Ilam,IR-16
FR,Ille and Vilaine,FR-35
EC,Imbabura,EC-I
AZ,Imishli,AZ-IMI
KR,Incheon,KR-28
MR,Inchiri,MR-12
DO,Independence,DO-10
FR,Indre,FR-36
FR,Indre and Loire,FR-37
RU,Ingushetia,RU-IN
NO,Inland,NO-34
CN,Inner Mongolia,CN-NM
GQ,Insular,GQ-I
OM,Interior,OM-DA
GR,Ionian Islands,GR-F
JO,Irbid,JO-IR
RU,Irkutsk,RU-IRK
IS,Isafjordur Town,IS-ISA
FR,Isere,FR-38
IR,Isfahan,IR-10
JP,Ishikawa,JP-17
MT,Isla,MT-20
PK,Islamabad,PK-IS
CU,Isle of Youth,CU-99
EG,Ismailia,EG-IS
AZ,Ismayilli,AZ-ISM
KG,Issyk-Kul,KG-Y
HR,Istria,HR-18
PY,Itapua,PY-7
CD,Ituri,CD-IT
UA,Ivano-Frankivsk,UA-26
RU,Ivanovo,RU-IVA
GT,Izabal,GT-18
RS,Jablanica,RS-23
AZ,Jabrayil,AZ-CAB
LY,Jafara,LY-JI
LK,Jaffna,LK-41
KW,Jahra,KW-JA
ID,Jakarta,ID-JK
KG,Jalal-Abad,KG-J
GT,Jalapa,GT-21
AZ,Jalilabad,AZ-CAL
ID,Jambi,ID-JA
KZ,Jambyl,KZ-31
SE,Jämtland,SE-Z
NO,Jan Mayen,NO-22
EE,Järva,EE-52
ID,Java,ID-JW
KR,Jeju,KR-49
PS,Jenin,PS-JEN
JO,Jerash,JO-JA
PS,Jericho and Al Aghwar,PS-JRH
PS,Jerusalem,PS-JEM
KZ,Jetisu,KZ-33
RU,Jewish Autonomous Oblast,RU-YEV
CN,Jiangsu,CN-JS
CN,Jiangxi,CN-JX
CN,Jilin,CN-JL
NI,Jinotega,NI-JI
SA,Jizan,SA-09
UZ,Jizzakh,UZ-JI
EE,Jõgeva,EE-50
SE,Jönköping,SE-F
SA,Jouf,SA-12
YE,Jouf,YE-JA
AF,Jowzjan,AF-JOW
LY,Jufra,LY-JU
AZ,Julfa,AZ-CUL
FR,Jura,FR-39
GT,Jutiapa,GT-22
RU,Kabardino- Balkaria,RU-KB
AF,Kabul,AF-KAB
KP,Kaesong,KP-15
EG,Kafr el-Sheikh,EG-KFS
JP,Kagoshima,JP-46
FI,Kainuu,FI-05
AZ,Kalbajar,AZ-KAL
IS,Kaldrananes District,IS-KAL
ID,Kalimantan,ID-KA
RU,Kaliningrad,RU-KGD
MT,Kalkara,MT-21
SE,Kalmar,SE-H
RU,Kalmykia,RU-KL
RU,Kaluga,RU-KLU
LK,Kalutara,LK-13
RU,Kamchatka,RU-KAM
AF,Kandahar,AF-KAN
LK,Kandy,LK-21
TD,Kanem,TD-KA
AZ,Kangarli,AZ-KAN
KP,Kangwon,KP-07
FI,Kanta-Häme,FI-06
AF,Kapisa,AF-KAP
TG,Kara,TG-K
RU,Karachay-Cherkessia,RU-KC
KZ,Karaganda,KZ-35
JO,Karak,JO-KA
UZ,Karakalpakstan,UZ-QR
IQ,Karbala,IQ-KA
RU,Karelia,RU-KR
HR,Karlovac,HR-04
CZ,Karlovy Vary,CZ-41
CD,Kasai,CD-KS
SD,Kassala,SD-KA
LT,Kaunas County,LT-KU
LK,Kegalla,LK-92
RU,Kemerovo,RU-KEM
MT,Kerċem,MT-22
IR,Kerman,IR-08
IR,Kermanshah,IR-05
RU,Khabarovsk,RU-KHA
AZ,Khachmaz,AZ-XAC
RU,Khakassia,RU-KK
PS,Khan Yunis,PS-KYS
AZ,Khankendi,AZ-XA
UA,Kharkiv,UA-63
SD,Khartoum,SD-KH
TJ,Khatlon,TJ-KT
UA,Kherson,UA-65
AZ,Khizi,AZ-XIZ
UA,Khmelnytskyi,UA-68
AZ,Khojaly,AZ-XCI
AZ,Khojavend,AZ-XVD
QA,Khor,QA-KH
UZ,Khorezm,UZ-XO
AF,Khost,AF-KHO
IR,Khuzestan,IR-06
PK,Khyber Pakhtunkhwa,PK-KP
GQ,Kie-Ntem,GQ-KN
LK,Kilinochchi,LK-42
CD,Kinshasa,CD-KN
MT,Kirkop,MT-23
IQ,Kirkuk,IQ-KI
RU,Kirov,RU-KIR
UA,Kirovohrad,UA-35
IS,Kjosar District,IS-KJO
LT,Klaipėda County,LT-KL
JP,Kochi,JP-39
IR,Kohgiluyeh and Boyer-Ahmad,IR-17
MV,Kolhumadulu,MV-08
RS,Kolubara,RS-09
RU,Komi,RU-KO
IS,Kopavogur Town,IS-KOP
HR,Koprivnica-Križevci,HR-06
SK,Košice,SK-KI
RS,Kosovo,RS-25
RS,Kosovo-Mitrovica,RS-28
RS,Kosovo-Pomoravlje,RS-29
KZ,Kostanay,KZ-39
RU,Kostroma,RU-KOS
AM,Kotayk,AM-KT
CG,Kouilou,CG-5
HR,Krapina-Zagorje,HR-02
RU,Krasnodar,RU-KDA
RU,Krasnoyarsk,RU-KYA
SE,Kronoberg,SE-G
LY,Kufra,LY-KF
GL,Kujalleq,GL-KU
AF,Kunar,AF-KNR
AF,Kunduz,AF-KDZ
AZ,Kurdamir,AZ-KUR
IQ,Kurdistan,IQ-KR
IR,Kurdistan,IR-12
RU,Kurgan,RU-KGN
RU,Kursk,RU-KRS
LK,Kurunegala,LK-61
PL,Kuyavia-Pomerania,PL-04
CD,Kwango,CD-KG
CD,Kwilu,CD-KL
UA,Kyiv,UA-32
UA,Kyiv City,UA-30
FI,Kymenlaakso,FI-09
JP,Kyoto,JP-26
CY,Kyrenia,CY-06
KZ,Kyzylorda,KZ-43
DO,La Altagracia,DO-11
CL,La Araucania,CL-AR
VE,La Guaira,VE-X
CO,La Guajira,CO-LAG
ES,La Rioja,ES-RI
DO,La Romana,DO-12
DO,La Vega,DO-13
EE,Lääne,EE-56
EE,Lääne-Viru,EE-60
AZ,Lachin,AZ-LAC
AF,Laghman,AF-LAG
CI,Lagoons,CI-LG
YE,Lahij,YE-LA
TD,Lake,TD-LC
CI,Lakes,CI-LC
ID,Lampung,ID-LA
FR,Landes,FR-40
IS,Langanes Settlement,IS-LAN
AZ,Lankaran,AZ-LAN
AZ,Lankaran City,AZ-LA
FI,Lapland,FI-10
VE,Lara,VE-K
CY,Larnaca,CY-03
CU,Las Tunas,CU-10
SY,Latakia,SY-LA
IT,Lazio,IT-62
TM,Lebap,TM-L
PT,Leiria,PT-10
CG,Lekoumou,CG-2
RU,Leningrad,RU-LEN
NI,León,NI-LE
AZ,Lerik,AZ-LER
PL,Lesser Poland,PL-12
ID,Lesser Sunda Islands,ID-NU
CN,Liaoning,CN-LN
CZ,Liberec,CZ-51
BE,Liège,BE-WLG
IT,Liguria,IT-42
MT,Lija,MT-24
HR,Lika-Senj,HR-09
CG,Likouala,CG-7
CY,Limassol,CY-02
BE,Limburg,BE-VLI
NL,Limburg,NL-LI
RU,Lipetsk,RU-LIP
PT,Lisbon,PT-11
PL,Łódź,PL-10
AF,Logar,AF-LOG
FR,Loir and Cher,FR-41
FR,Loire,FR-42
FR,Loire Country,FR-PDL
FR,Loiret,FR-45
EC,Loja,EC-L
CD,Lomami,CD-LO
IT,Lombardy,IT-25
IR,Lorestan,IR-15
AM,Lori,AM-LO
PA,Los Santos,PA-7
FR,Lot,FR-46
FR,Lot and Garonne,FR-47
AT,Lower Austria,AT-3
SO,Lower Juba,SO-JH
FR,Lower Rhine,FR-67
CI,Lower Sassandra,CI-BS
DE,Lower Saxony,DE-NI
SO,Lower Shabelle,SO-SH
PL,Lower Silesia,PL-02
CD,Lower Uele,CD-BU
GT,Lower Verapaz,GT-15
FR,Lozere,FR-48
CD,Lualaba,CD-LU
AO,Luanda,AO-LUA
PL,Lublin,PL-06
PL,Lubusz,PL-08
UA,Luhansk,UA-09
MT,Luqa,MT-25
BE,Luxembourg,BE-WLX
EG,Luxor,EG-LX
UA,Lviv,UA-46
JO,Ma'an,JO-MN
CN,Macao,CN-MO
RS,Mačva,RS-08
JO,Madaba,JO-MD
PT,Madeira,PT-30
NI,Madriz,NI-MD
JO,Mafraq,JO-MA
RU,Magadan,RU-MAG
CO,Magdalena,CO-MAG
CL,Magellan,CL-MA
YE,Mahra,YE-MR
YE,Mahwit,YE-MW
AF,Maidan Wardak,AF-WAR
CD,Mai-Ndombe,CD-MN
FR,Maine and Loire,FR-49
AO,Malanje,AO-MAL
MV,Male,MV-MLE
MV,Male Atoll,MV-26
ID,Maluku,ID-MA
EC,Manabi,EC-M
NI,Managua,NI-MN
TD,Mandoul,TD-MA
KZ,Mangystau,KZ-47
CD,Maniema,CD-MA
LK,Mannar,LK-43
IT,Marche,IT-57
RU,Mari El,RU-ME
DO,Maria Trinidad Sanchez,DO-14
YE,Marib,YE-MA
LT,Marijampolė County,LT-MR
TG,Maritime,TG-M
FR,Maritime Alps,FR-06
FR,Maritime Charente,FR-17
GA,Maritime Ogooué,GA-8
FR,Maritime Seine,FR-76
IR,Markazi,IR-00
FR,Marne,FR-51
FR,Marne Valley,FR-94
MT,Marsa,MT-26
MT,Marsaskala,MT-27
MT,Marsaxlokk,MT-28
FR,Martinique,FR-972
TM,Mary,TM-M
AZ,Masally,AZ-MAS
NI,Masaya,NI-MS
NI,Matagalpa,NI-MT
LK,Matale,LK-22
CU,Matanzas,CU-04
LK,Matara,LK-32
EG,Matrouh,EG-MT
CL,Maule,CL-ML
CU,Mayabeque,CU-16
FR,Mayenne,FR-53
FR,Mayotte,FR-976
IQ,Maysan,IQ-MA
IR,Mazandaran,IR-02
PL,Mazovia,PL-14
MT,Mdina,MT-29
LY,Meadows,LY-MJ
SA,Mecca,SA-02
DE,Mecklenburg-Western Pomerania,DE-MV
HR,Međimurje,HR-20
SA,Medina,SA-03
ES,Melilla,ES-ML
MT,Mellieħa,MT-30
VE,Merida,VE-L
CO,Meta,CO-MET
FR,Meurthe and Moselle,FR-54
FR,Meuse,FR-55
MT,Mġarr,MT-31
TD,Middle Chari,TD-MC
SO,Middle Juba,SO-JD
GA,Middle Ogooué,GA-3
SO,Middle Shabelle,SO-SD
AZ,Mingachevir,AZ-MI
BY,Minsk,BY-MI
BY,Minsk City,BY-HM
EG,Minya,EG-MN
DO,Mirabal Sisters,DO-19
VE,Miranda,VE-M
PY,Misiones,PY-8
LY,Misrata,LY-MI
BY,Mogilev,BY-MA
IT,Molise,IT-67
ID,Moluccas,ID-ML
VE,Monagas,VE-N
LK,Monaragala,LK-82
CD,Mongala,CD-MO
DO,Monsignor Nouel,DO-28
EG,Monufia,EG-MNF
CZ,Moravia-Silesia,CZ-80
RS,Moravica,RS-17
FR,Morbihan,FR-56
RU,Mordovia,RU-MO
NO,More and Romsdal,NO-15
EC,Morona Santiago,EC-S
RU,Moscow,RU-MOS
RU,Moscow City,RU-MOW
FR,Moselle,FR-57
IS,Mosfell Town,IS-MOS
MT,Mosta,MT-32
GR,Mount Athos,GR-69
LB,Mount Lebanon,LB-JL
CI,Mountains,CI-MG
AO,Moxico,AO-MOX
MT,Mqabba,MT-33
MT,Msida,MT-34
MT,Mtarfa,MT-35
KW,Mubarak Al-Kabeer,KW-MU
SO,Mudug,SO-MU
BH,Muharraq Governorate,BH-15
MV,Mulaku Atoll,MV-12
IS,Mulathing,IS-MUL
LK,Mullaittivu,LK-45
MT,Munxar,MT-36
RU,Murmansk,RU-MUR
LY,Murqub,LY-MB
LY,Murzuq,LY-MQ
OM,Musandam,OM-MU
OM,Muscat,OM-MA
IQ,Muthanna,IQ-MU
UA,Mykolaiv,UA-48
IS,Myrdalur District,IS-MYR
LB,Nabatieh,LB-NA
PS,Nablus,PS-NBS
MT,Nadur,MT-37
AZ,Naftalan,AZ-NA
IQ,Najaf,IQ-NA
SA,Najran,SA-10
AZ,Nakhchivan,AZ-NX
AZ,Nakhchivan City,AZ-NV
LY,Nalut,LY-NL
UZ,Namangan,UZ-NG
AO,Namibe,AO-NAM
KP,Nampo,KP-14
BE,Namur,BE-WNA
AF,Nangarhar,AF-NAN
EC,Napo,EC-N
CO,Narino,CO-NAR
KG,Naryn,KG-N
PA,Naso Tjer Di,PA-NT
UZ,Navoiy,UZ-NW
MT,Naxxar,MT-38
TD,N'Djamena City,TD-ND
PY,Neembucu,PY-12
AZ,Neftchala,AZ-NEF
RU,Nenetsia,RU-NEN
FR,New Aquitaine,FR-NAQ
FR,New Caledonia,FR-NC
NI,New Segovia,NI-NS
VE,New Sparta,VE-O
EG,New Valley,EG-WAD
PA,Ngabe-Bugle,PA-NB
GA,Ngounié,GA-4
CG,Niari,CG-9
CY,Nicosia,CY-01
FR,Nievre,FR-58
AF,Nimruz,AF-NIM
IQ,Nineveh,IQ-NI
CN,Ningxia,CN-NX
HT,Nippes,HT-NI
RS,Nišava,RS-20
SK,Nitra,SK-NI
RU,Nizhny Novgorod,RU-NIZ
IS,Nordurthing,IS-NOR
FR,Normandy,FR-NOR
SE,Norrbotten,SE-BD
FR,North,FR-59
GW,North,GW-N
HT,North,HT-ND
QA,North,QA-MS
MV,North Ari Atoll,MV-02
RS,North Bačka,RS-01
RS,North Banat,RS-03
OM,North Batina,OM-BS
GQ,North Bioko,GQ-BN
NL,North Brabant,NL-NB
NI,North Caribbean Coast,NI-AN
LK,North Central Province,LK-7
KR,North Chungcheong,KR-43
DO,North Cibao,DO-35
AO,North Cuanza,AO-CNO
SD,North Darfur,SD-DN
DK,North Denmark,DK-81
PS,North Gaza,PS-NGZ
KR,North Gyeongsang,KR-47
KP,North Hamgyong,KP-09
NL,North Holland,NL-NH
MV,North Huvadhu Atoll,MV-27
KP,North Hwanghae,KP-06
KR,North Jeolla,KR-45
ID,North Kalimantan,ID-KU
FI,North Karelia,FI-13
KZ,North Kazakhstan,KZ-59
IR,North Khorasan,IR-28
CD,North Kivu,CD-NK
SD,North Kordofan,SD-KN
LB,North Lebanon,LB-AS
AO,North Lunda,AO-LNO
MV,North Maalhosmadulu,MV-13
ID,North Maluku,ID-MU
MV,North Miladhunmadulu,MV-24
MV,North Nilandhe Atoll,MV-14
MR,North Nouakchott,MR-14
RU,North Ossetia,RU-SE
FI,North Ostrobothnia,FI-14
KP,North Pyongan,KP-03
DE,North Rhine-Westphalia,DE-NW
CO,North Santander,CO-NSA
FI,North Savo,FI-15
EG,North Sinai,EG-SIN
ID,North Sulawesi,ID-SA
ID,North Sumatra,ID-SU
MV,North Thiladhunmathi,MV-07
CD,North Ubangi,CD-NU
LK,North Western Province,LK-6
HT,Northeast,HT-NE
DO,Northeast Cibao,DO-33
OM,Northeastern,OM-SS
IS,Northeastern Region,IS-6
SD,Northern,SD-NO
GR,Northern Aegean,GR-K
SA,Northern Borders,SA-08
BH,Northern Governorate,BH-17
LK,Northern Province,LK-4
ER,Northern Red Sea,ER-SK
MW,Northern Region,MW-N
NO,Northland,NO-18
HT,Northwest,HT-NO
SO,Northwest,SO-WO
DO,Northwest Cibao,DO-34
IS,Northwestern Region,IS-5
MR,Nouadhibou Peninsula,MR-08
RU,Novgorod,RU-NGR
RU,Novosibirsk,RU-NVS
CL,Nuble,CL-NB
SO,Nugaal,SO-NU
LY,Nuqat al Khams,LY-NQ
AF,Nuristan,AF-NUR
LK,Nuwara Eliya,LK-23
GA,Nyanga,GA-5
LY,Oases,LY-WA
FR,Occitania,FR-OCC
UA,Odesa,UA-51
AZ,Oghuz,AZ-OGU
GA,Ogooué-Ivindo,GA-6
GA,Ogooué-Lolo,GA-7
CL,O'Higgins,CL-LI
FR,Oise,FR-60
FR,Oise Valley,FR-95
JP,Oita,JP-44
IS,Olfus Township,IS-SOL
CZ,Olomouc,CZ-71
RU,Omsk,RU-OMS
PL,Opole,PL-16
AZ,Ordubad,AZ-ORD
SE,Örebro,SE-T
EC,Orellana,EC-D
RU,Orenburg,RU-ORE
FR,Orne,FR-61
ET,Oromia,ET-OR
RU,Oryol,RU-ORL
JP,Osaka,JP-27
KG,Osh,KG-O
KG,Osh City,KG-GO
HR,Osijek-Baranja,HR-14
NO,Oslo,NO-03
SE,Östergötland,SE-E
FI,Ostrobothnia,FI-12
IS,Outer Rangarthing,IS-RGY
NL,Overijssel,NL-OV
DO,Ozama,DO-40
FI,Päijät-Häme,FI-16
AF,Paktia,AF-PIA
AF,Paktika,AF-PKA
PA,Panama,PA-8
LT,Panevėžys County,LT-PN
AF,Panjshir,AF-PAN
MT,Paola,MT-39
CY,Paphos,CY-05
ID,Papua,ID-PA
PY,Paraguari,PY-9
CZ,Pardubice,CZ-53
FR,Paris,FR-IDF
EE,Pärnu,EE-68
AF,Parwan,AF-PAR
EC,Pastaza,EC-Y
KZ,Pavlodar,KZ-55
RS,Pčinja,RS-24
RS,Peć,RS-26
DO,Pedernales,DO-16
GR,Peloponnese,GR-J
TZ,Pemba North,TZ-06
TZ,Pemba South,TZ-10
MT,Pembroke,MT-40
RU,Penza,RU-PNZ
DO,Peravia,DO-17
RU,Perm,RU-PER
GT,Petén,GT-17
EC,Pichincha,EC-P
IT,Piedmont,IT-21
MT,Pietà,MT-41
CU,Pinar del Rio,CU-01
FI,Pirkanmaa,FI-11
RS,Pirot,RS-22
TG,Plateaus,TG-P
CG,Plateaux,CG-14
CZ,Plzeň,CZ-32
PL,Podlaskie,PL-20
RS,Podunavlje,RS-10
LK,Polonnaruwa,LK-72
UA,Poltava,UA-53
EE,Põlva,EE-64
PL,Pomerania,PL-22
RS,Pomoravlje,RS-13
CG,Pool,CG-12
EG,Port Said,EG-PTS
PT,Portalegre,PT-12
PT,Porto,PT-13
VE,Portuguesa,VE-P
HR,Požega-Slavonia,HR-11
CZ,Prague,CZ-10
PY,President Hayes,PY-15
SK,Prešov,SK-PV
HR,Primorje-Gorski Kotar,HR-08
RU,Primorye,RU-PRI
ES,Principality of Asturias,ES-AS
RS,Prizren,RS-27
FR,Provence-Alps-French Riviera,FR-PAC
RU,Pskov,RU-PSK
PK,Punjab,PK-PB
LK,Puttalam,LK-62
CO,Putumayo,CO-PUT
FR,Puy de Dome,FR-63
KP,Pyongyang,KP-01
IQ,Qadisiya,IQ-QA
MT,Qala,MT-42
PS,Qalqilya,PS-QQA
EG,Qalyubia,EG-KB
UZ,Qashqadaryo,UZ-QA
SA,Qassim,SA-05
IR,Qazvin,IR-26
EG,Qena,EG-KN
GL,Qeqertalik,GL-QT
GL,Qeqqata,GL-QE
CN,Qinghai,CN-QH
IR,Qom,IR-25
MT,Qormi,MT-43
MT,Qrendi,MT-44
GT,Quetzaltenango,GT-09
GT,Quiché,GT-14
CO,Quindio,CO-QUI
SY,Quneitra,SY-QU
MT,Rabat Gozo,MT-45
MT,Rabat Malta,MT-46
PS,Rafah,PS-RFH
PS,Ramallah,PS-RBH
EE,Rapla,EE-71
SY,Raqqa,SY-RA
AE,Ras Al Khaimah,AE-RK
RS,Rasina,RS-19
RS,Raška,RS-18
KP,Rason,KP-13
LK,Ratnapura,LK-91
YE,Raymah,YE-RA
QA,Rayyan,QA-RA
EG,Red Sea,EG-BA
SD,Red Sea,SD-RS
ES,Region of Murcia,ES-MC
BA,Republika Srpska,BA-SRP
GT,Retalhuleu,GT-11
FR,Reunion,FR-974
IS,Reykhola District,IS-RHH
IS,Reykjanes Town,IS-RKN
IS,Reykjavik City,IS-RKV
DE,Rhineland-Palatinate,DE-RP
FR,Rhône,FR-69
FR,Rhône Delta,FR-13
ID,Riau,ID-RI
ID,Riau Islands,ID-KR
CO,Risaralda,CO-RIS
NI,Rivas,NI-RI
SD,River Nile,SD-NR
UA,Rivne,UA-56
SA,Riyadh,SA-01
NO,Rogaland,NO-11
RU,Rostov,RU-ROS
PT,Royal Town,PT-17
KP,Ryanggang,KP-10
RU,Ryazan,RU-RYA
YE,Saada,YE-SD
EE,Saare,EE-74
DE,Saarland,DE-SL
AZ,Saatly,AZ-SAT
LK,Sabaragamuwa Province,LK-9
LY,Sabha,LY-SB
AZ,Sabirabad,AZ-SAB
GT,Sacatepéquez,GT-03
AZ,Sadarak,AZ-SAD
MT,Safi,MT-47
FR,Saint Barts,FR-BL
DO,Saint Christopher,DO-21
FR,Saint Denis Seine,FR-93
EC,Saint Dominic,EC-SD
EC,Saint Helen,EC-SE
DO,Saint John,DO-22
MT,Saint John,MT-49
NI,Saint John River,NI-SJ
DO,Saint Joseph,DO-31
MT,Saint Julian's,MT-48
MT,Saint Lawrence,MT-50
MT,Saint Lucia's,MT-53
GT,Saint Mark,GT-12
FR,Saint Martin,FR-MF
MT,Saint Paul's Bay,MT-51
DO,Saint Peter,DO-23
PY,Saint Peter,PY-2
FR,Saint Peter and Miquelon,FR-PM
RU,Saint Petersburg,RU-SPE
GT,Saint Rose,GT-06
RU,Sakhalin,RU-SAK
IQ,Saladin,IQ-SD
TD,Salamat,TD-SA
PS,Salfit,PS-SLT
AZ,Salyan,AZ-SAL
AT,Salzburg,AT-5
DO,Samana,DO-20
AF,Samangan,AF-SAM
RU,Samara,RU-SAM
UZ,Samarqand,UZ-SA
AZ,Samukh,AZ-SMX
CO,San Andres,CO-SAP
YE,Sanaa,YE-SN
YE,Sanaa City,YE-SA
SO,Sanaag,SO-SA
DO,Sanchez Ramirez,DO-24
CG,Sangha,CG-13
CD,Sankuru,CD-SA
MT,Sannat,MT-52
MT,Santa Venera,MT-54
CO,Santander,CO-SAN
PT,Santarém,PT-14
CU,Santiago,CU-13
DO,Santiago,DO-25
CL,Santiago Metropolitan Region,CL-RM
DO,Santiago Rodriguez,DO-26
DO,Santo Domingo,DO-32
DO,Santo Domingo City,DO-01
FR,Saone and Loire,FR-71
RU,Saratov,RU-SAR
IT,Sardinia,IT-88
AF,Sar-e Pol,AF-SAR
FR,Sarthe,FR-72
CI,Sassandra-Marahoué,CI-SM
FI,Satakunta,FI-17
CI,Savannahs,CI-SV
TG,Savannahs,TG-S
FR,Savoy,FR-73
DE,Saxony,DE-SN
DE,Saxony-Anhalt,DE-ST
SE,Scania,SE-M
DE,Schleswig-Holstein,DE-SH
FR,Seine and Marne,FR-77
KR,Sejong,KR-50
IS,Seltjarnarnes Town,IS-SEL
IR,Semnan,IR-20
SD,Sennar,SD-SI
KR,Seoul,KR-11
GL,Sermersooq,GL-SM
PT,Setúbal,PT-15
UA,Sevastopol,UA-40
CN,Shaanxi,CN-SN
AZ,Shabran,AZ-SBN
YE,Shabwah,YE-SH
QA,Shahaniya,QA-SH
AZ,Shahbuz,AZ-SAH
AZ,Shaki,AZ-SAK
AZ,Shaki City,AZ-SA
AZ,Shamakhi,AZ-SMI
AZ,Shamkir,AZ-SKR
CN,Shandong,CN-SD
CN,Shanghai,CN-SH
CN,Shanxi,CN-SX
AE,Sharjah,AE-SH
AZ,Sharur,AZ-SAR
JP,Shiga,JP-25
JP,Shimane,JP-32
AM,Shirak,AM-SH
AZ,Shirvan,AZ-SR
JP,Shizuoka,JP-22
AZ,Shusha,AZ-SUS
KZ,Shymkent,KZ-79
LT,Šiauliai County,LT-SA
HR,Šibenik-Knin,HR-15
CN,Sichuan,CN-SC
IT,Sicily,IT-82
ET,Sidama,ET-SI
MT,Siġġiewi,MT-55
TD,Sila,TD-SI
PL,Silesia,PL-24
DO,Silver Mountain,DO-29
DO,Silver Port,DO-18
PK,Sindh,PK-SD
UZ,Sirdaryo,UZ-SI
LY,Sirte,LY-SR
HR,Sisak-Moslavina,HR-03
IR,Sistan and Baluchestan,IR-11
AZ,Siyazan,AZ-SIY
IS,Skaftar District,IS-SKF
IS,Skaga Settlement,IS-SKG
IS,Skagafjordur,IS-SKR
IS,Skagastrond Township,IS-SSS
IS,Skeida and Gnupverja District,IS-SOG
IS,Skorradalur District,IS-SKO
MT,Sliema,MT-56
RU,Smolensk,RU-SMO
IS,Snaefell Town,IS-SNF
YE,Socotra,YE-SU
SE,Södermanland,SE-D
EG,Sohag,EG-SHG
GT,Sololá,GT-07
ET,Somali,ET-SO
FR,Somme,FR-80
TZ,Songwe,TZ-31
SO,Sool,SO-SO
GW,South,GW-S
HT,South,HT-SD
MV,South Ari Atoll,MV-00
RS,South Bačka,RS-06
RS,South Banat,RS-04
OM,South Batina,OM-BJ
GQ,South Bioko,GQ-BS
CZ,South Bohemia,CZ-31
NI,South Caribbean Coast,NI-AS
GQ,South Center,GQ-CS
KR,South Chungcheong,KR-44
DO,South Cibao,DO-36
AO,South Cuanza,AO-CUS
SD,South Darfur,SD-DS
KR,South Gyeongsang,KR-48
KP,South Hamgyong,KP-08
NL,South Holland,NL-ZH
MV,South Huvadhu Atoll,MV-28
KP,South Hwanghae,KP-05
KR,South Jeolla,KR-46
ID,South Kalimantan,ID-KS
FI,South Karelia,FI-02
IR,South Khorasan,IR-29
CD,South Kivu,CD-SK
SD,South Kordofan,SD-KS
LB,South Lebanon,LB-JA
AO,South Lunda,AO-LSU
MV,South Maalhosmadulu,MV-20
MV,South Miladhunmadulu,MV-25
CZ,South Moravia,CZ-64
MV,South Nilandhe Atoll,MV-17
MR,South Nouakchott,MR-15
FI,South Ostrobothnia,FI-03
ID,South Papua,ID-PS
KP,South Pyongan,KP-02
FI,South Savo,FI-04
EG,South Sinai,EG-JS
ID,South Sulawesi,ID-SN
ID,South Sumatra,ID-SS
MV,South Thiladhunmathi,MV-23
CD,South Ubangi,CD-SU
HT,Southeast,HT-SE
ID,Southeast Sulawesi,ID-SG
OM,Southeastern,OM-SJ
ER,Southern,ER-DU
GR,Southern Aegean,GR-L
FR,Southern Corsica,FR-2A
DK,Southern Denmark,DK-83
BH,Southern Governorate,BH-14
ET,"Southern Nations, Nationalities and Peoples",ET-SN
IS,Southern Peninsula,IS-2
LK,Southern Province,LK-3
ER,Southern Red Sea,ER-DK
IS,Southern Region,IS-8
MW,Southern Region,MW-S
ET,Southwest Ethiopia Peoples,ET-SW
FI,Southwest Finland,FI-19
ID,Southwest Papua,ID-PD
HR,Split-Dalmatia,HR-17
RS,Srem,RS-07
RU,Stavropol,RU-STA
SE,Stockholm,SE-AB
FR,Strait of Calais,FR-62
IS,Stranda Settlement,IS-STR
IS,Stykkisholmur Town,IS-STY
AT,Styria,AT-6
PL,Subcarpathia,PL-18
GT,Suchitepéquez,GT-10
CO,Sucre,CO-SUC
VE,Sucre,VE-R
EC,Sucumbios,EC-U
IS,Sudavik District,IS-SDV
IS,Sudurnesja Town,IS-SDN
EG,Suez,EG-SUZ
TJ,Sughd,TJ-SU
ID,Sulawesi,ID-SL
IQ,Sulaymaniya,IQ-SU
RS,Šumadija,RS-12
ID,Sumatra,ID-SM
AZ,Sumgayit,AZ-SM
UA,Sumy,UA-59
UZ,Surkhondaryo,UZ-SU
SY,Suwayda,SY-SU
NO,Svalbard,NO-21
IS,Svalbardsstrond District,IS-SBT
RU,Sverdlovsk,RU-SVE
MT,Swieqi,MT-57
AM,Syunik,AM-SU
MT,Ta' Xbiex,MT-58
SA,Tabuk,SA-07
VE,Tachira,VE-S
JO,Tafilah,JO-AT
MR,Tagant,MR-09
CN,Taiwan,CN-TW
YE,Taiz,YE-TA
AF,Takhar,AF-TAK
KG,Talas,KG-T
IS,Talknafjordur District,IS-TAL
RU,Tambov,RU-TAM
TD,Tandjile,TD-TA
CD,Tanganyika,CD-TA
CL,Tarapaca,CL-TA
FR,Tarn,FR-81
FR,Tarn and Garonne,FR-82
AZ,Tartar,AZ-TAR
EE,Tartu,EE-79
SY,Tartus,SY-TA
MT,Tarxien,MT-59
UZ,Tashkent,UZ-TO
UZ,Tashkent City,UZ-TK
RU,Tatarstan,RU-TA
LT,Tauragė County,LT-TA
AM,Tavush,AM-TV
IR,Tehran,IR-23
LT,Telšiai County,LT-TE
UA,Ternopil,UA-61
EC,The Gold,EC-O
CL,The Lakes,CL-LL
CL,The Rivers,CL-LR
EC,The Rivers,EC-R
DO,The Valley,DO-37
GR,Thessaly,GR-E
IS,Thingeyjar Village,IS-THG
DE,Thuringia,DE-TH
CN,Tianjin,CN-TJ
TD,Tibesti,TD-TI
CN,Tibet,CN-XZ
ET,Tigrai,ET-TI
MR,Tiris Zemmour,MR-11
IS,Tjornes District,IS-TJO
JP,Tochigi,JP-09
SO,Togdheer,SO-TO
JP,Tokushima,JP-36
JP,Tokyo,JP-13
CO,Tolima,CO-TOL
RU,Tomsk,RU-TOM
RS,Toplica,RS-21
GT,Totonicapán,GT-08
AZ,Tovuz,AZ-TOV
RU,Transbaikalia,RU-ZAB
UA,Transcarpathia,UA-21
MR,Trarza,MR-06
SK,Trenčín,SK-TC
IT,Trentino-South Tyrol,IT-32
LK,Trincomalee,LK-53
LY,Tripoli,LY-TB
SK,Trnava,SK-TA
NO,Troms and Finnmark,NO-54
NO,Trondelag,NO-50
VE,Trujillo,VE-T
CD,Tshopo,CD-TO
CD,Tshuapa,CD-TU
PS,Tubas,PS-TBS
RU,Tula,RU-TUL
PS,Tulkarm,PS-TKM
EC,Tungurahua,EC-T
KZ,Turkistan,KZ-61
IT,Tuscany,IT-52
RU,Tuva,RU-TY
RU,Tver,RU-TVE
FR,Two Sèvres,FR-79
AT,Tyrol,AT-7
RU,Tyumen,RU-TYU
RU,Udmurtia,RU-UD
AO,Uige,AO-UIG
AZ,Ujar,AZ-UCA
KR,Ulsan,KR-31
RU,Ulyanovsk,RU-ULY
KZ,Ulytau,KZ-62
IT,Umbria,IT-55
AE,Umm Al Quwain,AE-UQ
QA,Umm Salal,QA-US
FR,Upper Alps,FR-05
AT,Upper Austria,AT-4
FR,Upper Corsica,FR-2B
FR,Upper France,FR-HDF
FR,Upper Garonne,FR-31
CD,Upper Katanga,CD-HK
FR,Upper Loire,FR-43
CD,Upper Lomami,CD-HL
FR,Upper Marne,FR-52
GA,Upper Ogooué,GA-2
PY,Upper Paraguay,PY-16
PY,Upper Parana,PY-10
FR,Upper Pyrenees,FR-65
FR,Upper Rhine,FR-68
FR,Upper Saône,FR-70
FR,Upper Savoy,FR-74
FR,Upper Seine,FR-92
CD,Upper Uele,CD-HU
GT,Upper Verapaz,GT-16
FR,Upper Vienne,FR-87
SE,Uppsala,SE-C
AF,Urozgan,AF-URU
CZ,Ústí nad Labem,CZ-42
LT,Utena County,LT-UT
NL,Utrecht,NL-UT
FI,Uusimaa,FI-18
LK,Uva Province,LK-8
DO,Valdesia,DO-41
ES,Valencian Community,ES-VC
EE,Valga,EE-81
MT,Valletta,MT-60
CL,Valparaiso,CL-VS
DO,Valverde,DO-27
FR,Var,FR-83
HR,Varaždin,HR-05
SE,Värmland,SE-S
SE,Västerbotten,SE-AC
SE,Västmanland,SE-U
SE,Västra Götaland,SE-O
FR,Vaucluse,FR-84
CO,Vaupes,CO-VAU
LK,Vavuniya,LK-44
AM,Vayots Dzor,AM-VD
FR,Vendee,FR-85
IT,Veneto,IT-34
PA,Veraguas,PA-9
NO,Vestfold and Telemark,NO-38
IS,Vestmannaeyja Town,IS-VEM
PT,Viana do Castelo,PT-16
CO,Vichada,CO-VID
AT,Vienna,AT-9
FR,Vienne,FR-86
NO,Viken,NO-30
EE,Viljandi,EE-84
LT,Vilnius County,LT-VL
UA,Vinnytsia,UA-05
HR,Virovitica-Podravina,HR-10
PT,Viseu,PT-18
BY,Vitebsk,BY-VI
RU,Vladimir,RU-VLA
IS,Vogar Township,IS-SVG
RU,Volgograd,RU-VGG
RU,Vologda,RU-VLG
UA,Volyn,UA-07
IS,Vopnafjordur District,IS-VOP
AT,Vorarlberg,AT-8
RU,Voronezh,RU-VOR
EE,Võru,EE-87
FR,Vosges,FR-88
HR,Vukovar-Srijem,HR-16
CZ,Vysočina,CZ-63
TD,Wadai,TD-OD
LY,Wadi al Hayaa,LY-WD
LY,Wadi ash Shati,LY-WS
TD,Wadi Fira,TD-WF
QA,Wakra,QA-WA
FR,Wallis and Futuna,FR-WF
BE,Wallonia,BE-WAL
BE,Walloon Brabant,BE-WBR
PL,Warmia-Masuria,PL-28
IQ,Wasit,IQ-WA
GQ,Wele-Nzas,GQ-WN
HT,West,HT-OU
IR,West Azerbaijan,IR-04
RS,West Bačka,RS-05
CG,West Cuvette,CG-15
SD,West Darfur,SD-DW
TD,West Ennedi,TD-EO
BE,West Flanders,BE-VWV
ID,West Java,ID-JB
ID,West Kalimantan,ID-KB
KZ,West Kazakhstan,KZ-27
SD,West Kordofan,SD-GK
TD,West Mayo-Kebbi,TD-MO
MR,West Nouakchott,MR-13
ID,West Nusa Tenggara,ID-NB
PA,West Panama,PA-10
ID,West Papua,ID-PB
PL,West Pomerania,PL-32
ID,West Sulawesi,ID-SR
ID,West Sumatra,ID-SB
MR,Western Basin,MR-02
YE,Western Coast,YE-HU
GR,Western Greece,GR-G
IS,Western Hunathing,IS-HUV
TD,Western Logone,TD-LO
GR,Western Macedonia,GR-C
LY,Western Mountain,LY-JG
ID,Western New Guinea,ID-PP
SE,Western Northland,SE-Y
LK,Western Province,LK-1
IS,Western Region,IS-3
IS,Western Settlement,IS-VER
IS,Westfjords,IS-4
NO,Westland,NO-46
PT,White Castle,PT-05
SD,White Nile,SD-NW
GA,Woleu-Ntem,GA-9
CI,Woroba,CI-WR
MT,Xagħra,MT-61
MT,Xewkija,MT-62
MT,Xgħajra,MT-63
CN,Xinjiang,CN-XJ
RU,Yakutia,RU-SA
JP,Yamaguchi,JP-35
RU,Yamalia,RU-YAN
JP,Yamanashi,JP-19
CI,Yamoussoukro,CI-YM
VE,Yaracuy,VE-U
AZ,Yardimli,AZ-YAR
RU,Yaroslavl,RU-YAR
IR,Yazd,IR-21
AM,Yerevan,AM-ER
AZ,Yevlakh,AZ-YEV
AZ,Yevlakh City,AZ-YE
ID,Yogyakarta,ID-YO
FR,Yonne,FR-89
RU,Yugoria,RU-KHM
DO,Yuma,DO-42
CN,Yunnan,CN-YN
FR,Yvelines,FR-78
MT,Żabbar,MT-64
AF,Zabul,AF-ZAB
GT,Zacapa,GT-19
HR,Zadar,HR-13
AZ,Zagatala,AZ-ZAQ
HR,Zagreb City,HR-21
HR,Zagreb County,HR-01
AO,Zaire,AO-ZAI
RS,Zaječar,RS-15
EC,Zamora Chinchipe,EC-Z
AZ,Zangilan,AZ-ZAN
IR,Zanjan,IR-19
CI,Zanzan,CI-ZZ
TZ,Zanzibar North,TZ-07
TZ,Zanzibar South,TZ-11
TZ,Zanzibar West,TZ-15
UA,Zaporizhzhia,UA-23
AZ,Zardab,AZ-ZAR
JO,Zarqa,JO-AZ
LY,Zawiya,LY-ZA
DK,Zealand,DK-85
MT,Żebbuġ Gozo,MT-65
MT,Żebbuġ Malta,MT-66
NL,Zeeland,NL-ZE
MT,Żejtun,MT-67
CN,Zhejiang,CN-ZJ
UA,Zhytomyr,UA-18
SK,Žilina,SK-ZI
RS,Zlatibor,RS-16
CZ,Zlín,CZ-72
VE,Zulia,VE-V
MT,Żurrieq,MT-68
NP,कर्णाली,NP-P6
NP,कोशी,NP-P1
NP,कोशी,NP-P5
NP,गण्डकी,NP-P4
NP,बागमती,NP-P3
NP,मधेश,NP-P2
NP,सुदूर-पश्चिम,NP-P7
AD,Andorra la Vella,AD-07
AD,Canillo,AD-02
AD,Encamp,AD-03
AD,Escaldes-Engordany,AD-08
AD,La Massana,AD-04
AD,Ordino,AD-05
AD,Sant Julià de Lòria,AD-06
AG,Saint George,AG-03
AG,Saint John,AG-04
AG,Saint Mary,AG-05
AG,Saint Paul,AG-06
AG,Saint Peter,AG-07
AG,Saint Philip,AG-08
AG,Barbuda,AG-10
AG,Redonda,AG-11
AL,Berat,AL-01
AL,Dibër,AL-09
AL,Durrës,AL-02
AL,Elbasan,AL-03
AL,Fier,AL-04
AL,Gjirokastër,AL-05
AL,Korçë,AL-06
AL,Kukës,AL-07
AL,Lezhë,AL-08
AL,Shkodër,AL-10
AL,Tiranë,AL-11
AL,Vlorë,AL-12
AR,Buenos Aires,AR-B
AR,Catamarca,AR-K
AR,Chaco,AR-H
AR,Chubut,AR-U
AR,Ciudad Autónoma de Buenos Aires,AR-C
AR,Córdoba,AR-X
AR,Corrientes,AR-W
AR,Entre Ríos,AR-E
AR,Formosa,AR-P
AR,Jujuy,AR-Y
AR,La Pampa,AR-L
AR,La Rioja,AR-F
AR,Mendoza,AR-M
AR,Misiones,AR-N
AR,Neuquén,AR-Q
AR,Río Negro,AR-R
AR,Salta,AR-A
AR,San Juan,AR-J
AR,San Luis,AR-D
AR,Santa Cruz,AR-Z
AR,Santa Fe,AR-S
AR,Santiago del Estero,AR-G
AR,Tierra del Fuego,AR-V
AR,Tucumán,AR-T
AU,New South Wales,AU-NSW
AU,Queensland,AU-QLD
AU,South Australia,AU-SA
AU,Tasmania,AU-TAS
AU,Victoria,AU-VIC
AU,Western Australia,AU-WA
AU,Australian Capital Territory,AU-ACT
AU,Northern Territory,AU-NT
BB,Christ Church,BB-01
BB,Saint Andrew,BB-02
BB,Saint George,BB-03
BB,Saint James,BB-04
BB,Saint John,BB-05
BB,Saint Joseph,BB-06
BB,Saint Lucy,BB-07
BB,Saint Michael,BB-08
BB,Saint Peter,BB-09
BB,Saint Philip,BB-10
BB,Saint Thomas,BB-11
BD,Barishal,BD-A
BD,Chattogram,BD-B
BD,Dhaka,BD-C
BD,Khulna,BD-D
BD,Mymensingh,BD-H
BD,Rajshahi,BD-E
BD,Rangpur,BD-F
BD,Sylhet,BD-G
BD,Bagerhat,BD-05
BD,Bandarban,BD-01
BD,Barguna,BD-02
BD,Barishal,BD-06
BD,Bhola,BD-07
BD,Bogura,BD-03
BD,Brahmanbaria,BD-04
BD,Chandpur,BD-09
BD,Chapai Nawabganj,BD-45
BD,Chattogram,BD-10
BD,Chuadanga,BD-12
BD,Cox's Bazar,BD-11
BD,Cumilla,BD-08
BD,Dhaka,BD-13
BD,Dinajpur,BD-14
BD,Faridpur,BD-15
BD,Feni,BD-16
BD,Gaibandha,BD-19
BD,Gazipur,BD-18
BD,Gopalganj,BD-17
BD,Habiganj,BD-20
BD,Jamalpur,BD-21
BD,Jashore,BD-22
BD,Jhalakathi,BD-25
BD,Jhenaidah,BD-23
BD,Joypurhat,BD-24
BD,Khagrachhari,BD-29
BD,Khulna,BD-27
BD,Kishoreganj,BD-26
BD,Kurigram,BD-28
BD,Kushtia,BD-30
BD,Lakshmipur,BD-31
BD,Lalmonirhat,BD-32
BD,Madaripur,BD-36
BD,Magura,BD-37
BD,Manikganj,BD-33
BD,Meherpur,BD-39
BD,Moulvibazar,BD-38
BD,Munshiganj,BD-35
BD,Mymensingh,BD-34
BD,Naogaon,BD-48
BD,Narail,BD-43
BD,Narayanganj,BD-40
BD,Narsingdi,BD-42
BD,Natore,BD-44
BD,Netrakona,BD-41
BD,Nilphamari,BD-46
BD,Noakhali,BD-47
BD,Pabna,BD-49
BD,Panchagarh,BD-52
BD,Patuakhali,BD-51
BD,Pirojpur,BD-50
BD,Rajbari,BD-53
BD,Rajshahi,BD-54
BD,Rangamati,BD-56
BD,Rangpur,BD-55
BD,Satkhira,BD-58
BD,Shariatpur,BD-62
BD,Sherpur,BD-57
BD,Sirajganj,BD-59
BD,Sunamganj,BD-61
BD,Sylhet,BD-60
BD,Tangail,BD-63
BD,Thakurgaon,BD-64
BF,Boucle du Mouhoun,BF-01
BF,Cascades,BF-02
BF,Centre,BF-03
BF,Centre-Est,BF-04
BF,Centre-Nord,BF-05
BF,Centre-Ouest,BF-06
BF,Centre-Sud,BF-07
BF,Est,BF-08
BF,Hauts-Bassins,BF-09
BF,Nord,BF-10
BF,Plateau-Central,BF-11
BF,Sahel,BF-12
BF,Sud-Ouest,BF-13
BF,Balé,BF-BAL
BF,Bam,BF-BAM
BF,Banwa,BF-BAN
BF,Bazèga,BF-BAZ
BF,Bougouriba,BF-BGR
BF,Boulgou,BF-BLG
BF,Boulkiemdé,BF-BLK
BF,Comoé,BF-COM
BF,Ganzourgou,BF-GAN
BF,Gnagna,BF-GNA
BF,Gourma,BF-GOU
BF,Houet,BF-HOU
BF,Ioba,BF-IOB
BF,Kadiogo,BF-KAD
BF,Kénédougou,BF-KEN
BF,Komondjari,BF-KMD
BF,Kompienga,BF-KMP
BF,Kossi,BF-KOS
BF,Koulpélogo,BF-KOP
BF,Kouritenga,BF-KOT
BF,Kourwéogo,BF-KOW
BF,Léraba,BF-LER
BF,Loroum,BF-LOR
BF,Mouhoun,BF-MOU
BF,Nahouri,BF-NAO
BF,Namentenga,BF-NAM
BF,Nayala,BF-NAY
BF,Noumbiel,BF-NOU
BF,Oubritenga,BF-OUB
BF,Oudalan,BF-OUD
BF,Passoré,BF-PAS
BF,Poni,BF-PON
BF,Sanguié,BF-SNG
BF,Sanmatenga,BF-SMT
BF,Séno,BF-SEN
BF,Sissili,BF-SIS
BF,Soum,BF-SOM
BF,Sourou,BF-SOR
BF,Tapoa,BF-TAP
BF,Tuy,BF-TUI
BF,Yagha,BF-YAG
BF,Yatenga,BF-YAT
BF,Ziro,BF-ZIR
BF,Zondoma,BF-ZON
BF,Zoundwéogo,BF-ZOU
BG,Blagoevgrad,BG-01
BG,Burgas,BG-02
BG,Dobrich,BG-08
BG,Gabrovo,BG-07
BG,Haskovo,BG-26
BG,Kardzhali,BG-09
BG,Kyustendil,BG-10
BG,Lovech,BG-11
BG,Montana,BG-12
BG,Pazardzhik,BG-13
BG,Pernik,BG-14
BG,Pleven,BG-15
BG,Plovdiv,BG-16
BG,Razgrad,BG-17
BG,Ruse,BG-18
BG,Shumen,BG-27
BG,Silistra,BG-19
BG,Sliven,BG-20
BG,Smolyan,BG-21
BG,Sofia,BG-23
BG,Sofia (stolitsa),BG-22
BG,Stara Zagora,BG-24
BG,Targovishte,BG-25
BG,Varna,BG-03
BG,Veliko Tarnovo,BG-04
BG,Vidin,BG-05
BG,Vratsa,BG-06
BG,Yambol,BG-28
BI,Bubanza,BI-BB
BI,Bujumbura Mairie,BI-BM
BI,Bujumbura Rural,BI-BL
BI,Bururi,BI-BR
BI,Cankuzo,BI-CA
BI,Cibitoke,BI-CI
BI,Gitega,BI-GI
BI,Karuzi,BI-KR
BI,Kayanza,BI-KY
BI,Kirundo,BI-KI
BI,Makamba,BI-MA
BI,Muramvya,BI-MU
BI,Muyinga,BI-MY
BI,Mwaro,BI-MW
BI,Ngozi,BI-NG
BI,Rumonge,BI-RM
BI,Rutana,BI-RT
BI,Ruyigi,BI-RY
BJ,Alibori,BJ-AL
BJ,Atacora,BJ-AK
BJ,Atlantique,BJ-AQ
BJ,Borgou,BJ-BO
BJ,Collines,BJ-CO
BJ,Couffo,BJ-KO
BJ,Donga,BJ-DO
BJ,Littoral,BJ-LI
BJ,Mono,BJ-MO
BJ,Ouémé,BJ-OU
BJ,Plateau,BJ-PL
BJ,Zou,BJ-ZO
BN,Belait,BN-BE
BN,Brunei-Muara,BN-BM
BN,Temburong,BN-TE
BN,Tutong,BN-TU
BO,Cochabamba,BO-C
BO,Chuquisaca,BO-H
BO,El Beni,BO-B
BO,La Paz,BO-L
BO,Oruro,BO-O
BO,Pando,BO-N
BO,Potosí,BO-P
BO,Santa Cruz,BO-S
BO,Tarija,BO-T
BQ,Bonaire,BQ-BO
BQ,Saba,BQ-SA
BQ,Sint Eustatius,BQ-SE
BR,Acre,BR-AC
BR,Alagoas,BR-AL
BR,Amapá,BR-AP
BR,Amazonas,BR-AM
BR,Bahia,BR-BA
BR,Ceará,BR-CE
BR,Distrito Federal,BR-DF
BR,Espírito Santo,BR-ES
BR,Goiás,BR-GO
BR,Maranhão,BR-MA
BR,Mato Grosso,BR-MT
BR,Mato Grosso do Sul,BR-MS
BR,Minas Gerais,BR-MG
BR,Pará,BR-PA
BR,Paraíba,BR-PB
BR,Paraná,BR-PR
BR,Pernambuco,BR-PE
BR,Piauí,BR-PI
BR,Rio de Janeiro,BR-RJ
BR,Rio Grande do Norte,BR-RN
BR,Rio Grande do Sul,BR-RS
BR,Rondônia,BR-RO
BR,Roraima,BR-RR
BR,Santa Catarina,BR-SC
BR,São Paulo,BR-SP
BR,Sergipe,BR-SE
BR,Tocantins,BR-TO
BS,Acklins,BS-AK
BS,Berry Islands,BS-BY
BS,Bimini,BS-BI
BS,Black Point,BS-BP
BS,Cat Island,BS-CI
BS,Central Abaco,BS-CO
BS,Central Andros,BS-CS
BS,Central Eleuthera,BS-CE
BS,City of Freeport,BS-FP
BS,Crooked Island and Long Cay,BS-CK
BS,East Grand Bahama,BS-EG
BS,Exuma,BS-EX
BS,Grand Cay,BS-GC
BS,Harbour Island,BS-HI
BS,Hope Town,BS-HT
BS,Inagua,BS-IN
BS,Long Island,BS-LI
BS,Mangrove Cay,BS-MC
BS,Mayaguana,BS-MG
BS,Moore's Island,BS-MI
BS,New Providence,BS-NP
BS,North Abaco,BS-NO
BS,North Andros,BS-NS
BS,North Eleuthera,BS-NE
BS,Ragged Island,BS-RI
BS,Rum Cay,BS-RC
BS,San Salvador,BS-SS
BS,South Abaco,BS-SO
BS,South Andros,BS-SA
BS,South Eleuthera,BS-SE
BS,Spanish Wells,BS-SW
BS,West Grand Bahama,BS-WG
BT,Bumthang,BT-33
BT,Chhukha,BT-12
BT,Dagana,BT-22
BT,Gasa,BT-GA
BT,Haa,BT-13
BT,Lhuentse,BT-44
BT,Monggar,BT-42
BT,Paro,BT-11
BT,Pema Gatshel,BT-43
BT,Punakha,BT-23
BT,Samdrup Jongkhar,BT-45
BT,Samtse,BT-14
BT,Sarpang,BT-31
BT,Thimphu,BT-15
BT,Trashigang,BT-41
BT,Trashi Yangtse,BT-TY
BT,Trongsa,BT-32
BT,Tsirang,BT-21
BT,Wangdue Phodrang,BT-24
BT,Zhemgang,BT-34
BW,Central,BW-CE
BW,Chobe,BW-CH
BW,Francistown,BW-FR
BW,Gaborone,BW-GA
BW,Ghanzi,BW-GH
BW,Jwaneng,BW-JW
BW,Kgalagadi,BW-KG
BW,Kgatleng,BW-KL
BW,Kweneng,BW-KW
BW,Lobatse,BW-LO
BW,North East,BW-NE
BW,North West,BW-NW
BW,Selibe Phikwe,BW-SP
BW,South East,BW-SE
BW,Southern,BW-SO
BW,Sowa Town,BW-ST
BZ,Belize,BZ-BZ
BZ,Cayo,BZ-CY
BZ,Corozal,BZ-CZL
BZ,Orange Walk,BZ-OW
BZ,Stann Creek,BZ-SC
BZ,Toledo,BZ-TOL
CA,Alberta,CA-AB
CA,British Columbia,CA-BC
CA,Manitoba,CA-MB
CA,New Brunswick,CA-NB
CA,Newfoundland and Labrador,CA-NL
CA,Northwest Territories,CA-NT
CA,Nova Scotia,CA-NS
CA,Nunavut,CA-NU
CA,Ontario,CA-ON
CA,Prince Edward Island,CA-PE
CA,Quebec,CA-QC
CA,Saskatchewan,CA-SK
CA,Yukon,CA-YT
CF,Bamingui-Bangoran,CF-BB
CF,Bangui,CF-BGF
CF,Basse-Kotto,CF-BK
CF,Gribingui,CF-KB
CF,Haut-Mbomou,CF-HM
CF,Haute-Kotto,CF-HK
CF,Haute-Sangha / Mambéré-Kadéï,CF-HS
CF,Kémo-Gribingui,CF-KG
CF,Lobaye,CF-LB
CF,Mbomou,CF-MB
CF,Nana-Mambéré,CF-NM
CF,Ombella-Mpoko,CF-MP
CF,Ouaka,CF-UK
CF,Ouham,CF-AC
CF,Ouham-Pendé,CF-OP
CF,Sangha,CF-SE
CF,Vakaga,CF-VK
CH,Aargau,CH-AG
CH,Appenzell Ausserrhoden,CH-AR
CH,Appenzell Innerrhoden,CH-AI
CH,Basel-Landschaft,CH-BL
CH,Basel-Stadt,CH-BS
CH,Bern,CH-BE
CH,Fribourg,CH-FR
CH,Genève,CH-GE
CH,Glarus,CH-GL
CH,Graubünden,CH-GR
CH,Jura,CH-JU
CH,Luzern,CH-LU
CH,Neuchâtel,CH-NE
CH,Nidwalden,CH-NW
CH,Obwalden,CH-OW
CH,Sankt Gallen,CH-SG
CH,Schaffhausen,CH-SH
CH,Schwyz,CH-SZ
CH,Solothurn,CH-SO
CH,Thurgau,CH-TG
CH,Ticino,CH-TI
CH,Uri,CH-UR
CH,Valais,CH-VS
CH,Vaud,CH-VD
CH,Zug,CH-ZG
CH,Zürich,CH-ZH
CM,Adamaoua,CM-AD
CM,Centre,CM-CE
CM,East,CM-ES
CM,Far North,CM-EN
CM,Littoral,CM-LT
CM,North,CM-NO
CM,North-West,CM-NW
CM,South,CM-SU
CM,South-West,CM-SW
CM,West,CM-OU
CR,Alajuela,CR-A
CR,Cartago,CR-C
CR,Guanacaste,CR-G
CR,Heredia,CR-H
CR,Limón,CR-L
CR,Puntarenas,CR-P
CR,San José,CR-SJ
CV,Ilhas de Barlavento,CV-B
CV,Ilhas de Sotavento,CV-S
CV,Boa Vista,CV-BV
CV,Brava,CV-BR
CV,Maio,CV-MA
CV,Mosteiros,CV-MO
CV,Paul,CV-PA
CV,Porto Novo,CV-PN
CV,Praia,CV-PR
CV,Ribeira Brava,CV-RB
CV,Ribeira Grande,CV-RG
CV,Ribeira Grande de Santiago,CV-RS
CV,Sal,CV-SL
CV,Santa Catarina,CV-CA
CV,Santa Catarina do Fogo,CV-CF
CV,Santa Cruz,CV-CR
CV,São Domingos,CV-SD
CV,São Filipe,CV-SF
CV,São Lourenço dos Órgãos,CV-SO
CV,São Miguel,CV-SM
CV,São Salvador do Mundo,CV-SS
CV,São Vicente,CV-SV
CV,Tarrafal,CV-TA
CV,Tarrafal de São Nicolau,CV-TS
CZ,Benešov,CZ-201
CZ,Beroun,CZ-202
CZ,Blansko,CZ-641
CZ,Brno-město,CZ-642
CZ,Brno-venkov,CZ-643
CZ,Bruntál,CZ-801
CZ,Břeclav,CZ-644
CZ,Česká Lípa,CZ-511
CZ,České Budějovice,CZ-311
CZ,Český Krumlov,CZ-312
CZ,Děčín,CZ-421
CZ,Domažlice,CZ-321
CZ,Frýdek-Místek,CZ-802
CZ,Havlíčkův Brod,CZ-631
CZ,Hodonín,CZ-645
CZ,Hradec Králové,CZ-521
CZ,Cheb,CZ-411
CZ,Chomutov,CZ-422
CZ,Chrudim,CZ-531
CZ,Jablonec nad Nisou,CZ-512
CZ,Jeseník,CZ-711
CZ,Jičín,CZ-522
CZ,Jihlava,CZ-632
CZ,Jindřichův Hradec,CZ-313
CZ,Karlovy Vary,CZ-412
CZ,Karviná,CZ-803
CZ,Kladno,CZ-203
CZ,Klatovy,CZ-322
CZ,Kolín,CZ-204
CZ,Kroměříž,CZ-721
CZ,Kutná Hora,CZ-205
CZ,Liberec,CZ-513
CZ,Litoměřice,CZ-423
CZ,Louny,CZ-424
CZ,Mělník,CZ-206
CZ,Mladá Boleslav,CZ-207
CZ,Most,CZ-425
CZ,Náchod,CZ-523
CZ,Nový Jičín,CZ-804
CZ,Nymburk,CZ-208
CZ,Olomouc,CZ-712
CZ,Opava,CZ-805
CZ,Ostrava-město,CZ-806
CZ,Pardubice,CZ-532
CZ,Pelhřimov,CZ-633
CZ,Písek,CZ-314
CZ,Plzeň-jih,CZ-324
CZ,Plzeň-město,CZ-323
CZ,Plzeň-sever,CZ-325
CZ,Praha-východ,CZ-209
CZ,Praha-západ,CZ-20A
CZ,Prachatice,CZ-315
CZ,Prostějov,CZ-713
CZ,Přerov,CZ-714
CZ,Příbram,CZ-20B
CZ,Rakovník,CZ-20C
CZ,Rokycany,CZ-326
CZ,Rychnov nad Kněžnou,CZ-524
CZ,Semily,CZ-514
CZ,Sokolov,CZ-413
CZ,Strakonice,CZ-316
CZ,Svitavy,CZ-533
CZ,Šumperk,CZ-715
CZ,Tábor,CZ-317
CZ,Tachov,CZ-327
CZ,Teplice,CZ-426
CZ,Trutnov,CZ-525
CZ,Třebíč,CZ-634
CZ,Uherské Hradiště,CZ-722
CZ,Ústí nad Labem,CZ-427
CZ,Ústí nad Orlicí,CZ-534
CZ,Vsetín,CZ-723
CZ,Vyškov,CZ-646
CZ,Zlín,CZ-724
CZ,Znojmo,CZ-647
CZ,Žďár nad Sázavou,CZ-635
DJ,Ali Sabieh,DJ-AS
DJ,Arta,DJ-AR
DJ,Dikhil,DJ-DI
DJ,Djibouti,DJ-DJ
DJ,Obock,DJ-OB
DJ,Tadjourah,DJ-TA
DM,Saint Andrew,DM-02
DM,Saint David,DM-03
DM,Saint George,DM-04
DM,Saint John,DM-05
DM,Saint Joseph,DM-06
DM,Saint Luke,DM-07
DM,Saint Mark,DM-08
DM,Saint Patrick,DM-09
DM,Saint Paul,DM-10
DM,Saint Peter,DM-11
DZ,Adrar,DZ-01
DZ,Aïn Defla,DZ-44
DZ,Aïn Témouchent,DZ-46
DZ,Alger,DZ-16
DZ,Annaba,DZ-23
DZ,Batna,DZ-05
DZ,Béchar,DZ-08
DZ,Béjaïa,DZ-06
DZ,Béni Abbès,DZ-52
DZ,Biskra,DZ-07
DZ,Blida,DZ-09
DZ,Bordj Badji Mokhtar,DZ-50
DZ,Bordj Bou Arréridj,DZ-34
DZ,Bouira,DZ-10
DZ,Boumerdès,DZ-35
DZ,Chlef,DZ-02
DZ,Constantine,DZ-25
DZ,Djanet,DZ-56
DZ,Djelfa,DZ-17
DZ,El Bayadh,DZ-32
DZ,El Meghaier,DZ-57
DZ,El Meniaa,DZ-58
DZ,El Oued,DZ-39
DZ,El Tarf,DZ-36
DZ,Ghardaïa,DZ-47
DZ,Guelma,DZ-24
DZ,Illizi,DZ-33
DZ,In Guezzam,DZ-54
DZ,In Salah,DZ-53
DZ,Jijel,DZ-18
DZ,Khenchela,DZ-40
DZ,Laghouat,DZ-03
DZ,M'sila,DZ-28
DZ,Mascara,DZ-29
DZ,Médéa,DZ-26
DZ,Mila,DZ-43
DZ,Mostaganem,DZ-27
DZ,Naama,DZ-45
DZ,Oran,DZ-31
DZ,Ouargla,DZ-30
DZ,Ouled Djellal,DZ-51
DZ,Oum el Bouaghi,DZ-04
DZ,Relizane,DZ-48
DZ,Saïda,DZ-20
DZ,Sétif,DZ-19
DZ,Sidi Bel Abbès,DZ-22
DZ,Skikda,DZ-21
DZ,Souk Ahras,DZ-41
DZ,Tamanrasset,DZ-11
DZ,Tébessa,DZ-12
DZ,Tiaret,DZ-14
DZ,Timimoun,DZ-49
DZ,Tindouf,DZ-37
DZ,Tipaza,DZ-42
DZ,Tissemsilt,DZ-38
DZ,Tizi Ouzou,DZ-15
DZ,Tlemcen,DZ-13
DZ,Touggourt,DZ-55
EE,Alutaguse,EE-130
EE,Anija,EE-141
EE,Antsla,EE-142
EE,Elva,EE-171
EE,Haapsalu,EE-184
EE,Haljala,EE-191
EE,Harku,EE-198
EE,Hiiumaa,EE-205
EE,Häädemeeste,EE-214
EE,Jõelähtme,EE-245
EE,Jõgeva,EE-247
EE,Jõhvi,EE-251
EE,Järva,EE-255
EE,Kadrina,EE-272
EE,Kambja,EE-283
EE,Kanepi,EE-284
EE,Kastre,EE-291
EE,Kehtna,EE-293
EE,Keila,EE-296
EE,Kihnu,EE-303
EE,Kiili,EE-305
EE,Kohila,EE-317
EE,Kohtla-Järve,EE-321
EE,Kose,EE-338
EE,Kuusalu,EE-353
EE,Loksa,EE-424
EE,Luunja,EE-432
EE,Lääne-Harju,EE-431
EE,Lääne-Nigula,EE-441
EE,Lääneranna,EE-430
EE,Lüganuse,EE-442
EE,Maardu,EE-446
EE,Muhu,EE-478
EE,Mulgi,EE-480
EE,Mustvee,EE-486
EE,Märjamaa,EE-503
EE,Narva,EE-511
EE,Narva-Jõesuu,EE-514
EE,Nõo,EE-528
EE,Otepää,EE-557
EE,Paide,EE-567
EE,Peipsiääre,EE-586
EE,Põhja-Pärnumaa,EE-638
EE,Põhja-Sakala,EE-615
EE,Põltsamaa,EE-618
EE,Põlva,EE-622
EE,Pärnu,EE-624
EE,Raasiku,EE-651
EE,Rae,EE-653
EE,Rakvere,EE-661
EE,Rakvere,EE-663
EE,Rapla,EE-668
EE,Ruhnu,EE-689
EE,Rõuge,EE-698
EE,Räpina,EE-708
EE,Saarde,EE-712
EE,Saaremaa,EE-714
EE,Saku,EE-719
EE,Saue,EE-726
EE,Setomaa,EE-732
EE,Sillamäe,EE-735
EE,Tallinn,EE-784
EE,Tapa,EE-792
EE,Tartu,EE-796
EE,Tartu,EE-793
EE,Toila,EE-803
EE,Tori,EE-809
EE,Tõrva,EE-824
EE,Türi,EE-834
EE,Valga,EE-855
EE,Viimsi,EE-890
EE,Viljandi,EE-899
EE,Viljandi,EE-897
EE,Vinni,EE-901
EE,Viru-Nigula,EE-903
EE,Vormsi,EE-907
EE,Võru,EE-917
EE,Võru,EE-919
EE,Väike-Maarja,EE-928
ES,A Coruña,ES-C
ES,Álava,ES-VI
ES,Albacete,ES-AB
ES,Alicante,ES-A
ES,Almería,ES-AL
ES,Asturias,ES-O
ES,Ávila,ES-AV
ES,Badajoz,ES-BA
ES,Barcelona,ES-B
ES,Bizkaia,ES-BI
ES,Burgos,ES-BU
ES,Cáceres,ES-CC
ES,Cádiz,ES-CA
ES,Cantabria,ES-S
ES,Castellón,ES-CS
ES,Ciudad Real,ES-CR
ES,Córdoba,ES-CO
ES,Cuenca,ES-CU
ES,Gipuzkoa,ES-SS
ES,Girona,ES-GI
ES,Granada,ES-GR
ES,Guadalajara,ES-GU
ES,Huelva,ES-H
ES,Huesca,ES-HU
ES,Illes Balears,ES-PM
ES,Jaén,ES-J
ES,La Rioja,ES-LO
ES,Las Palmas,ES-GC
ES,León,ES-LE
ES,Lleida,ES-L
ES,Lugo,ES-LU
ES,Madrid,ES-M
ES,Málaga,ES-MA
ES,Murcia,ES-MU
ES,Navarra,ES-NA
ES,Ourense,ES-OR
ES,Palencia,ES-P
ES,Pontevedra,ES-PO
ES,Salamanca,ES-SA
ES,Santa Cruz de Tenerife,ES-TF
ES,Segovia,ES-SG
ES,Sevilla,ES-SE
ES,Soria,ES-SO
ES,Tarragona,ES-T
ES,Teruel,ES-TE
ES,Toledo,ES-TO
ES,Valencia,ES-V
ES,Valladolid,ES-VA
ES,Zamora,ES-ZA
ES,Zaragoza,ES-Z
FJ,Central,FJ-C
FJ,Eastern,FJ-E
FJ,Northern,FJ-N
FJ,Western,FJ-W
FJ,Rotuma,FJ-R
FJ,Ba,FJ-01
FJ,Bua,FJ-02
FJ,Cakaudrove,FJ-03
FJ,Kadavu,FJ-04
FJ,Lau,FJ-05
FJ,Lomaiviti,FJ-06
FJ,Macuata,FJ-07
FJ,Nadroga and Navosa,FJ-08
FJ,Naitasiri,FJ-09
FJ,Namosi,FJ-10
FJ,Ra,FJ-11
FJ,Rewa,FJ-12
FJ,Serua,FJ-13
FJ,Tailevu,FJ-14
FM,Chuuk,FM-TRK
FM,Kosrae,FM-KSA
FM,Pohnpei,FM-PNI
FM,Yap,FM-YAP
GB,England,GB-ENG
GB,Northern Ireland,GB-NIR
GB,Scotland,GB-SCT
GB,Wales,GB-WLS
GB,Cambridgeshire,GB-CAM
GB,Cumbria,GB-CMA
GB,Derbyshire,GB-DBY
GB,Devon,GB-DEV
GB,Dorset,GB-DOR
GB,East Sussex,GB-ESX
GB,Essex,GB-ESS
GB,Gloucestershire,GB-GLS
GB,Hampshire,GB-HAM
GB,Hertfordshire,GB-HRT
GB,Kent,GB-KEN
GB,Lancashire,GB-LAN
GB,Leicestershire,GB-LEC
GB,Lincolnshire,GB-LIN
GB,Norfolk,GB-NFK
GB,North Yorkshire,GB-NYK
GB,Nottinghamshire,GB-NTT
GB,Oxfordshire,GB-OXF
GB,Somerset,GB-SOM
GB,Staffordshire,GB-STS
GB,Suffolk,GB-SFK
GB,Surrey,GB-SRY
GB,Warwickshire,GB-WAR
GB,West Sussex,GB-WSX
GB,Worcestershire,GB-WOR
GB,"London, City of",GB-LND
GB,Barking and Dagenham,GB-BDG
GB,Barnet,GB-BNE
GB,Bexley,GB-BEX
GB,Brent,GB-BEN
GB,Bromley,GB-BRY
GB,Camden,GB-CMD
GB,Croydon,GB-CRY
GB,Ealing,GB-EAL
GB,Enfield,GB-ENF
GB,Greenwich,GB-GRE
GB,Hackney,GB-HCK
GB,Hammersmith and Fulham,GB-HMF
GB,Haringey,GB-HRY
GB,Harrow,GB-HRW
GB,Havering,GB-HAV
GB,Hillingdon,GB-HIL
GB,Hounslow,GB-HNS
GB,Islington,GB-ISL
GB,Kensington and Chelsea,GB-KEC
GB,Kingston upon Thames,GB-KTT
GB,Lambeth,GB-LBH
GB,Lewisham,GB-LEW
GB,Merton,GB-MRT
GB,Newham,GB-NWM
GB,Redbridge,GB-RDB
GB,Richmond upon Thames,GB-RIC
GB,Southwark,GB-SWK
GB,Sutton,GB-STN
GB,Tower Hamlets,GB-TWH
GB,Waltham Forest,GB-WFT
GB,Wandsworth,GB-WND
GB,Westminster,GB-WSM
GB,Barnsley,GB-BNS
GB,Birmingham,GB-BIR
GB,Bolton,GB-BOL
GB,Bradford,GB-BRD
GB,Bury,GB-BUR
GB,Calderdale,GB-CLD
GB,Coventry,GB-COV
GB,Doncaster,GB-DNC
GB,Dudley,GB-DUD
GB,Gateshead,GB-GAT
GB,Kirklees,GB-KIR
GB,Knowsley,GB-KWL
GB,Leeds,GB-LDS
GB,Liverpool,GB-LIV
GB,Manchester,GB-MAN
GB,Newcastle upon Tyne,GB-NET
GB,North Tyneside,GB-NTY
GB,Oldham,GB-OLD
GB,Rochdale,GB-RCH
GB,Rotherham,GB-ROT
GB,St. Helens,GB-SHN
GB,Salford,GB-SLF
GB,Sandwell,GB-SAW
GB,Sefton,GB-SFT
GB,Sheffield,GB-SHF
GB,Solihull,GB-SOL
GB,South Tyneside,GB-STY
GB,Stockport,GB-SKP
GB,Sunderland,GB-SND
GB,Tameside,GB-TAM
GB,Trafford,GB-TRF
GB,Wakefield,GB-WKF
GB,Walsall,GB-WLL
GB,Wigan,GB-WGN
GB,Wirral,GB-WRL
GB,Wolverhampton,GB-WLV
GB,Bath and North East Somerset,GB-BAS
GB,Bedford,GB-BDF
GB,Blackburn with Darwen,GB-BBD
GB,Blackpool,GB-BPL
GB,"Bournemouth, Christchurch and Poole",GB-BCP
GB,Bracknell Forest,GB-BRC
GB,Brighton and Hove,GB-BNH
GB,"Bristol, City of",GB-BST
GB,Buckinghamshire,GB-BKM
GB,Central Bedfordshire,GB-CBF
GB,Cheshire East,GB-CHE
GB,Cheshire West and Chester,GB-CHW
GB,Cornwall,GB-CON
GB,Darlington,GB-DAL
GB,Derby,GB-DER
GB,"Durham, County",GB-DUR
GB,East Riding of Yorkshire,GB-ERY
GB,Halton,GB-HAL
GB,Hartlepool,GB-HPL
GB,Herefordshire,GB-HEF
GB,Isle of Wight,GB-IOW
GB,Isles of Scilly,GB-IOS
GB,Kingston upon Hull,GB-KHL
GB,Leicester,GB-LCE
GB,Luton,GB-LUT
GB,Medway,GB-MDW
GB,Middlesbrough,GB-MDB
GB,Milton Keynes,GB-MIK
GB,North East Lincolnshire,GB-NEL
GB,North Lincolnshire,GB-NLN
GB,North Northamptonshire,GB-NNH
GB,North Somerset,GB-NSM
GB,Northumberland,GB-NBL
GB,Nottingham,GB-NGM
GB,Peterborough,GB-PTE
GB,Plymouth,GB-PLY
GB,Portsmouth,GB-POR
GB,Reading,GB-RDG
GB,Redcar and Cleveland,GB-RCC
GB,Rutland,GB-RUT
GB,Shropshire,GB-SHR
GB,Slough,GB-SLG
GB,South Gloucestershire,GB-SGC
GB,Southampton,GB-STH
GB,Southend-on-Sea,GB-SOS
GB,Stockton-on-Tees,GB-STT
GB,Stoke-on-Trent,GB-STE
GB,Swindon,GB-SWD
GB,Telford and Wrekin,GB-TFW
GB,Thurrock,GB-THR
GB,Torbay,GB-TOB
GB,Warrington,GB-WRT
GB,West Berkshire,GB-WBK
GB,West Northamptonshire,GB-WNH
GB,Wiltshire,GB-WIL
GB,Windsor and Maidenhead,GB-WNM
GB,Wokingham,GB-WOK
GB,York,GB-YOR
GB,Antrim and Newtownabbey,GB-ANN
GB,Ards and North Down,GB-AND
GB,"Armagh City, Banbridge and Craigavon",GB-ABC
GB,Belfast City,GB-BFS
GB,Causeway Coast and Glens,GB-CCG
GB,Derry and Strabane,GB-DRS
GB,Fermanagh and Omagh,GB-FMO
GB,Lisburn and Castlereagh,GB-LBC
GB,Mid and East Antrim,GB-MEA
GB,Mid-Ulster,GB-MUL
GB,"Newry, Mourne and Down",GB-NMD
GB,Aberdeen City,GB-ABE
GB,Aberdeenshire,GB-ABD
GB,Angus,GB-ANS
GB,Argyll and Bute,GB-AGB
GB,Clackmannanshire,GB-CLK
GB,Dumfries and Galloway,GB-DGY
GB,Dundee City,GB-DND
GB,East Ayrshire,GB-EAY
GB,East Dunbartonshire,GB-EDU
GB,East Lothian,GB-ELN
GB,East Renfrewshire,GB-ERW
GB,"Edinburgh, City of",GB-EDH
GB,Eilean Siar,GB-ELS
GB,Falkirk,GB-FAL
GB,Fife,GB-FIF
GB,Glasgow City,GB-GLG
GB,Highland,GB-HLD
GB,Inverclyde,GB-IVC
GB,Midlothian,GB-MLN
GB,Moray,GB-MRY
GB,North Ayrshire,GB-NAY
GB,North Lanarkshire,GB-NLK
GB,Orkney Islands,GB-ORK
GB,Perth and Kinross,GB-PKN
GB,Renfrewshire,GB-RFW
GB,Scottish Borders,GB-SCB
GB,Shetland Islands,GB-ZET
GB,South Ayrshire,GB-SAY
GB,South Lanarkshire,GB-SLK
GB,Stirling,GB-STG
GB,West Dunbartonshire,GB-WDU
GB,West Lothian,GB-WLN
GB,Blaenau Gwent,GB-BGW
GB,Bridgend,GB-BGE
GB,Caerphilly,GB-CAY
GB,Cardiff,GB-CRF
GB,Carmarthenshire,GB-CMN
GB,Ceredigion,GB-CGN
GB,Conwy,GB-CWY
GB,Denbighshire,GB-DEN
GB,Flintshire,GB-FLN
GB,Gwynedd,GB-GWN
GB,Isle of Anglesey,GB-AGY
GB,Merthyr Tydfil,GB-MTY
GB,Monmouthshire,GB-MON
GB,Neath Port Talbot,GB-NTL
GB,Newport,GB-NWP
GB,Pembrokeshire,GB-PEM
GB,Powys,GB-POW
GB,Rhondda Cynon Taff,GB-RCT
GB,Swansea,GB-SWA
GB,Torfaen,GB-TOF
GB,"Vale of Glamorgan, The",GB-VGL
GB,Wrexham,GB-WRX
GD,Saint Andrew,GD-01
GD,Saint David,GD-02
GD,Saint George,GD-03
GD,Saint John,GD-04
GD,Saint Mark,GD-05
GD,Saint Patrick,GD-06
GD,Southern Grenadine Islands,GD-10
GE,Abkhazia,GE-AB
GE,Adjara,GE-AJ
GE,Guria,GE-GU
GE,Imereti,GE-IM
GE,K'akheti,GE-KA
GE,Kvemo Kartli,GE-KK
GE,Mtskheta-Mtianeti,GE-MM
GE,Rach'a-Lechkhumi-Kvemo Svaneti,GE-RL
GE,Samegrelo-Zemo Svaneti,GE-SZ
GE,Samtskhe-Javakheti,GE-SJ
GE,Shida Kartli,GE-SK
GE,Tbilisi,GE-TB
GH,Ahafo,GH-AF
GH,Ashanti,GH-AH
GH,Bono,GH-BO
GH,Bono East,GH-BE
GH,Central,GH-CP
GH,Eastern,GH-EP
GH,Greater Accra,GH-AA
GH,North East,GH-NE
GH,Northern,GH-NP
GH,Oti,GH-OT
GH,Savannah,GH-SV
GH,Upper East,GH-UE
GH,Upper West,GH-UW
GH,Volta,GH-TV
GH,Western,GH-WP
GH,Western North,GH-WN
GM,Banjul,GM-B
GM,Central River,GM-M
GM,Lower River,GM-L
GM,North Bank,GM-N
GM,Upper River,GM-U
GM,Western,GM-W
GN,Boké,GN-B
GN,Faranah,GN-F
GN,Kankan,GN-K
GN,Kindia,GN-D
GN,Labé,GN-L
GN,Mamou,GN-M
GN,Nzérékoré,GN-N
GN,Conakry,GN-C
GN,Beyla,GN-BE
GN,Boffa,GN-BF
GN,Boké,GN-BK
GN,Coyah,GN-CO
GN,Dabola,GN-DB
GN,Dalaba,GN-DL
GN,Dinguiraye,GN-DI
GN,Dubréka,GN-DU
GN,Faranah,GN-FA
GN,Forécariah,GN-FO
GN,Fria,GN-FR
GN,Gaoual,GN-GA
GN,Guékédou,GN-GU
GN,Kankan,GN-KA
GN,Kérouané,GN-KE
GN,Kindia,GN-KD
GN,Kissidougou,GN-KS
GN,Koubia,GN-KB
GN,Koundara,GN-KN
GN,Kouroussa,GN-KO
GN,Labé,GN-LA
GN,Lélouma,GN-LE
GN,Lola,GN-LO
GN,Macenta,GN-MC
GN,Mali,GN-ML
GN,Mamou,GN-MM
GN,Mandiana,GN-MD
GN,Nzérékoré,GN-NZ
GN,Pita,GN-PI
GN,Siguiri,GN-SI
GN,Télimélé,GN-TE
GN,Tougué,GN-TO
GN,Yomou,GN-YO
GW,Bafatá,GW-BA
GW,Biombo,GW-BM
GW,Bissau,GW-BS
GW,Bolama / Bijagós,GW-BL
GW,Cacheu,GW-CA
GW,Gabú,GW-GA
GW,Oio,GW-OI
GW,Quinara,GW-QU
GW,Tombali,GW-TO
GY,Barima-Waini,GY-BA
GY,Cuyuni-Mazaruni,GY-CU
GY,Demerara-Mahaica,GY-DE
GY,East Berbice-Corentyne,GY-EB
GY,Essequibo Islands-West Demerara,GY-ES
GY,Mahaica-Berbice,GY-MA
GY,Pomeroon-Supenaam,GY-PM
GY,Potaro-Siparuni,GY-PT
GY,Upper Demerara-Berbice,GY-UD
GY,Upper Takutu-Upper Essequibo,GY-UT
HN,Atlántida,HN-AT
HN,Choluteca,HN-CH
HN,Colón,HN-CL
HN,Comayagua,HN-CM
HN,Copán,HN-CP
HN,Cortés,HN-CR
HN,El Paraíso,HN-EP
HN,Francisco Morazán,HN-FM
HN,Gracias a Dios,HN-GD
HN,Intibucá,HN-IN
HN,Islas de la Bahía,HN-IB
HN,La Paz,HN-LP
HN,Lempira,HN-LE
HN,Ocotepeque,HN-OC
HN,Olancho,HN-OL
HN,Santa Bárbara,HN-SB
HN,Valle,HN-VA
HN,Yoro,HN-YO
HU,Bács-Kiskun,HU-BK
HU,Baranya,HU-BA
HU,Békés,HU-BE
HU,Békéscsaba,HU-BC
HU,Borsod-Abaúj-Zemplén,HU-BZ
HU,Budapest,HU-BU
HU,Csongrád-Csanád,HU-CS
HU,Debrecen,HU-DE
HU,Dunaújváros,HU-DU
HU,Eger,HU-EG
HU,Érd,HU-ER
HU,Fejér,HU-FE
HU,Győr,HU-GY
HU,Győr-Moson-Sopron,HU-GS
HU,Hajdú-Bihar,HU-HB
HU,Heves,HU-HE
HU,Hódmezővásárhely,HU-HV
HU,Jász-Nagykun-Szolnok,HU-JN
HU,Kaposvár,HU-KV
HU,Kecskemét,HU-KM
HU,Komárom-Esztergom,HU-KE
HU,Miskolc,HU-MI
HU,Nagykanizsa,HU-NK
HU,Nógrád,HU-NO
HU,Nyíregyháza,HU-NY
HU,Pécs,HU-PS
HU,Pest,HU-PE
HU,Salgótarján,HU-ST
HU,Somogy,HU-SO
HU,Sopron,HU-SN
HU,Szabolcs-Szatmár-Bereg,HU-SZ
HU,Szeged,HU-SD
HU,Székesfehérvár,HU-SF
HU,Szekszárd,HU-SS
HU,Szolnok,HU-SK
HU,Szombathely,HU-SH
HU,Tatabánya,HU-TB
HU,Tolna,HU-TO
HU,Vas,HU-VA
HU,Veszprém,HU-VM
HU,Veszprém,HU-VE
HU,Zala,HU-ZA
HU,Zalaegerszeg,HU-ZE
IE,Connaught,IE-C
IE,Leinster,IE-L
IE,Munster,IE-M
IE,Ulster,IE-U
IE,Carlow,IE-CW
IE,Cavan,IE-CN
IE,Clare,IE-CE
IE,Cork,IE-CO
IE,Donegal,IE-DL
IE,Dublin,IE-D
IE,Galway,IE-G
IE,Kerry,IE-KY
IE,Kildare,IE-KE
IE,Kilkenny,IE-KK
IE,Laois,IE-LS
IE,Leitrim,IE-LM
IE,Limerick,IE-LK
IE,Longford,IE-LD
IE,Louth,IE-LH
IE,Mayo,IE-MO
IE,Meath,IE-MH
IE,Monaghan,IE-MN
IE,Offaly,IE-OY
IE,Roscommon,IE-RN
IE,Sligo,IE-SO
IE,Tipperary,IE-TA
IE,Waterford,IE-WD
IE,Westmeath,IE-WH
IE,Wexford,IE-WX
IE,Wicklow,IE-WW
IL,HaDarom,IL-D
IL,HaMerkaz,IL-M
IL,HaTsafon,IL-Z
IL,H̱efa,IL-HA
IL,Tel Aviv,IL-TA
IL,Yerushalayim,IL-JM
IN,Andaman and Nicobar Islands,IN-AN
IN,Andhra Pradesh,IN-AP
IN,Arunāchal Pradesh,IN-AR
IN,Assam,IN-AS
IN,Bihār,IN-BR
IN,Chandigarh,IN-CH
IN,Chhattīsgarh,IN-CG
IN,Dādra and Nagar Haveli and Damān and Diu,IN-DH
IN,Delhi,IN-DL
IN,Goa,IN-GA
IN,Gujarāt,IN-GJ
IN,Haryāna,IN-HR
IN,Himāchal Pradesh,IN-HP
IN,Jammu and Kashmīr,IN-JK
IN,Jhārkhand,IN-JH
IN,Karnātaka,IN-KA
IN,Kerala,IN-KL
IN,Ladākh,IN-LA
IN,Lakshadweep,IN-LD
IN,Madhya Pradesh,IN-MP
IN,Mahārāshtra,IN-MH
IN,Manipur,IN-MN
IN,Meghālaya,IN-ML
IN,Mizoram,IN-MZ
IN,Nāgāland,IN-NL
IN,Odisha,IN-OD
IN,Puducherry,IN-PY
IN,Punjab,IN-PB
IN,Rājasthān,IN-RJ
IN,Sikkim,IN-SK
IN,Tamil Nādu,IN-TN
IN,Telangāna,IN-TS
IN,Tripura,IN-TR
IN,Uttar Pradesh,IN-UP
IN,Uttarākhand,IN-UK
IN,West Bengal,IN-WB
IT,Agrigento,IT-AG
IT,Alessandria,IT-AL
IT,Ancona,IT-AN
IT,Arezzo,IT-AR
IT,Ascoli Piceno,IT-AP
IT,Asti,IT-AT
IT,Avellino,IT-AV
IT,Bari,IT-BA
IT,Barletta-Andria-Trani,IT-BT
IT,Belluno,IT-BL
IT,Benevento,IT-BN
IT,Bergamo,IT-BG
IT,Biella,IT-BI
IT,Bologna,IT-BO
IT,Bolzano,IT-BZ
IT,Brescia,IT-BS
IT,Brindisi,IT-BR
IT,Cagliari,IT-CA
IT,Caltanissetta,IT-CL
IT,Campobasso,IT-CB
IT,Caserta,IT-CE
IT,Catania,IT-CT
IT,Catanzaro,IT-CZ
IT,Chieti,IT-CH
IT,Como,IT-CO
IT,Cosenza,IT-CS
IT,Cremona,IT-CR
IT,Crotone,IT-KR
IT,Cuneo,IT-CN
IT,Enna,IT-EN
IT,Fermo,IT-FM
IT,Ferrara,IT-FE
IT,Firenze,IT-FI
IT,Foggia,IT-FG
IT,Forlì-Cesena,IT-FC
IT,Frosinone,IT-FR
IT,Genova,IT-GE
IT,Gorizia,IT-GO
IT,Grosseto,IT-GR
IT,Imperia,IT-IM
IT,Isernia,IT-IS
IT,L'Aquila,IT-AQ
IT,La Spezia,IT-SP
IT,Latina,IT-LT
IT,Lecce,IT-LE
IT,Lecco,IT-LC
IT,Livorno,IT-LI
IT,Lodi,IT-LO
IT,Lucca,IT-LU
IT,Macerata,IT-MC
IT,Mantova,IT-MN
IT,Massa-Carrara,IT-MS
IT,Matera,IT-MT
IT,Messina,IT-ME
IT,Milano,IT-MI
IT,Modena,IT-MO
IT,Monza e Brianza,IT-MB
IT,Napoli,IT-NA
IT,Novara,IT-NO
IT,Nuoro,IT-NU
IT,Oristano,IT-OR
IT,Padova,IT-PD
IT,Palermo,IT-PA
IT,Parma,IT-PR
IT,Pavia,IT-PV
IT,Perugia,IT-PG
IT,Pesaro e Urbino,IT-PU
IT,Pescara,IT-PE
IT,Piacenza,IT-PC
IT,Pisa,IT-PI
IT,Pistoia,IT-PT
IT,Pordenone,IT-PN
IT,Potenza,IT-PZ
IT,Prato,IT-PO
IT,Ragusa,IT-RG
IT,Ravenna,IT-RA
IT,Reggio Calabria,IT-RC
IT,Reggio Emilia,IT-RE
IT,Rieti,IT-RI
IT,Rimini,IT-RN
IT,Roma,IT-RM
IT,Rovigo,IT-RO
IT,Salerno,IT-SA
IT,Sassari,IT-SS
IT,Savona,IT-SV
IT,Siena,IT-SI
IT,Siracusa,IT-SR
IT,Sondrio,IT-SO
IT,Sud Sardegna,IT-SU
IT,Taranto,IT-TA
IT,Teramo,IT-TE
IT,Terni,IT-TR
IT,Torino,IT-TO
IT,Trapani,IT-TP
IT,Trento,IT-TN
IT,Treviso,IT-TV
IT,Trieste,IT-TS
IT,Udine,IT-UD
IT,Varese,IT-VA
IT,Venezia,IT-VE
IT,Verbano-Cusio-Ossola,IT-VB
IT,Vercelli,IT-VC
IT,Verona,IT-VR
IT,Vibo Valentia,IT-VV
IT,Vicenza,IT-VI
IT,Viterbo,IT-VT
JM,Clarendon,JM-13
JM,Hanover,JM-09
JM,Kingston,JM-01
JM,Manchester,JM-12
JM,Portland,JM-04
JM,Saint Andrew,JM-02
JM,Saint Ann,JM-06
JM,Saint Catherine,JM-14
JM,Saint Elizabeth,JM-11
JM,Saint James,JM-08
JM,Saint Mary,JM-05
JM,Saint Thomas,JM-03
JM,Trelawny,JM-07
JM,Westmoreland,JM-10
JP,Akita,JP-05
JP,Aomori,JP-02
JP,Ehime,JP-38
JP,Gunma,JP-10
JP,Ibaraki,JP-08
JP,Iwate,JP-03
JP,Kagawa,JP-37
JP,Kanagawa,JP-14
JP,Kumamoto,JP-43
JP,Mie,JP-24
JP,Miyagi,JP-04
JP,Miyazaki,JP-45
JP,Nagano,JP-20
JP,Nagasaki,JP-42
JP,Nara,JP-29
JP,Niigata,JP-15
JP,Okayama,JP-33
JP,Okinawa,JP-47
JP,Saga,JP-41
JP,Saitama,JP-11
JP,Tottori,JP-31
JP,Toyama,JP-16
JP,Wakayama,JP-30
JP,Yamagata,JP-06
KE,Baringo,KE-01
KE,Bomet,KE-02
KE,Bungoma,KE-03
KE,Busia,KE-04
KE,Elgeyo/Marakwet,KE-05
KE,Embu,KE-06
KE,Garissa,KE-07
KE,Homa Bay,KE-08
KE,Isiolo,KE-09
KE,Kajiado,KE-10
KE,Kakamega,KE-11
KE,Kericho,KE-12
KE,Kiambu,KE-13
KE,Kilifi,KE-14
KE,Kirinyaga,KE-15
KE,Kisii,KE-16
KE,Kisumu,KE-17
KE,Kitui,KE-18
KE,Kwale,KE-19
KE,Laikipia,KE-20
KE,Lamu,KE-21
KE,Machakos,KE-22
KE,Makueni,KE-23
KE,Mandera,KE-24
KE,Marsabit,KE-25
KE,Meru,KE-26
KE,Migori,KE-27
KE,Mombasa,KE-28
KE,Murang'a,KE-29
KE,Nairobi City,KE-30
KE,Nakuru,KE-31
KE,Nandi,KE-32
KE,Narok,KE-33
KE,Nyamira,KE-34
KE,Nyandarua,KE-35
KE,Nyeri,KE-36
KE,Samburu,KE-37
KE,Siaya,KE-38
KE,Taita/Taveta,KE-39
KE,Tana River,KE-40
KE,Tharaka-Nithi,KE-41
KE,Trans Nzoia,KE-42
KE,Turkana,KE-43
KE,Uasin Gishu,KE-44
KE,Vihiga,KE-45
KE,Wajir,KE-46
KE,West Pokot,KE-47
KH,Baat Dambang,KH-2
KH,Banteay Mean Choăy,KH-1
KH,Kaeb,KH-23
KH,Kampong Chaam,KH-3
KH,Kampong Chhnang,KH-4
KH,Kampong Spueu,KH-5
KH,Kampong Thum,KH-6
KH,Kampot,KH-7
KH,Kandaal,KH-8
KH,Kaoh Kong,KH-9
KH,Kracheh,KH-10
KH,Mondol Kiri,KH-11
KH,Otdar Mean Chey,KH-22
KH,Pailin,KH-24
KH,Phnom Penh,KH-12
KH,Pousaat,KH-15
KH,Preah Sihanouk,KH-18
KH,Preah Vihear,KH-13
KH,Prey Veaeng,KH-14
KH,Rotanak Kiri,KH-16
KH,Siem Reab,KH-17
KH,Stueng Traeng,KH-19
KH,Svaay Rieng,KH-20
KH,Taakaev,KH-21
KH,Tbong Khmum,KH-25
KI,Gilbert Islands,KI-G
KI,Line Islands,KI-L
KI,Phoenix Islands,KI-P
KM,Grande Comore,KM-G
KM,Anjouan,KM-A
KM,Mohéli,KM-M
KN,Saint Kitts,KN-K
KN,Nevis,KN-N
KN,Christ Church Nichola Town,KN-01
KN,Saint Anne Sandy Point,KN-02
KN,Saint George Basseterre,KN-03
KN,Saint George Gingerland,KN-04
KN,Saint James Windward,KN-05
KN,Saint John Capisterre,KN-06
KN,Saint John Figtree,KN-07
KN,Saint Mary Cayon,KN-08
KN,Saint Paul Capisterre,KN-09
KN,Saint Paul Charlestown,KN-10
KN,Saint Peter Basseterre,KN-11
KN,Saint Thomas Lowland,KN-12
KN,Saint Thomas Middle Island,KN-13
KN,Trinity Palmetto Point,KN-15
LA,Attapu,LA-AT
LA,Bokèo,LA-BK
LA,Bolikhamxai,LA-BL
LA,Champasak,LA-CH
LA,Houaphan,LA-HO
LA,Khammouan,LA-KH
LA,Louang Namtha,LA-LM
LA,Louangphabang,LA-LP
LA,Oudômxai,LA-OU
LA,Phôngsali,LA-PH
LA,Salavan,LA-SL
LA,Savannakhét,LA-SV
LA,Viangchan,LA-VI
LA,Viangchan,LA-VT
LA,Xaignabouli,LA-XA
LA,Xaisômboun,LA-XS
LA,Xékong,LA-XE
LA,Xiangkhouang,LA-XI
LC,Anse la Raye,LC-01
LC,Canaries,LC-12
LC,Castries,LC-02
LC,Choiseul,LC-03
LC,Dennery,LC-05
LC,Gros Islet,LC-06
LC,Laborie,LC-07
LC,Micoud,LC-08
LC,Soufrière,LC-10
LC,Vieux Fort,LC-11
LI,Balzers,LI-01
LI,Eschen,LI-02
LI,Gamprin,LI-03
LI,Mauren,LI-04
LI,Planken,LI-05
LI,Ruggell,LI-06
LI,Schaan,LI-07
LI,Schellenberg,LI-08
LI,Triesen,LI-09
LI,Triesenberg,LI-10
LI,Vaduz,LI-11
LR,Bomi,LR-BM
LR,Bong,LR-BG
LR,Gbarpolu,LR-GP
LR,Grand Bassa,LR-GB
LR,Grand Cape Mount,LR-CM
LR,Grand Gedeh,LR-GG
LR,Grand Kru,LR-GK
LR,Lofa,LR-LO
LR,Margibi,LR-MG
LR,Maryland,LR-MY
LR,Montserrado,LR-MO
LR,Nimba,LR-NI
LR,River Cess,LR-RI
LR,River Gee,LR-RG
LR,Sinoe,LR-SI
LS,Berea,LS-D
LS,Botha-Bothe,LS-B
LS,Leribe,LS-C
LS,Mafeteng,LS-E
LS,Maseru,LS-A
LS,Mohale's Hoek,LS-F
LS,Mokhotlong,LS-J
LS,Qacha's Nek,LS-H
LS,Quthing,LS-G
LS,Thaba-Tseka,LS-K
LT,Akmenė,LT-01
LT,Alytaus miestas,LT-02
LT,Alytus,LT-03
LT,Anykščiai,LT-04
LT,Birštonas,LT-05
LT,Biržai,LT-06
LT,Druskininkai,LT-07
LT,Elektrėnai,LT-08
LT,Ignalina,LT-09
LT,Jonava,LT-10
LT,Joniškis,LT-11
LT,Jurbarkas,LT-12
LT,Kaišiadorys,LT-13
LT,Kalvarija,LT-14
LT,Kaunas,LT-16
LT,Kauno miestas,LT-15
LT,Kazlų Rūdos,LT-17
LT,Kėdainiai,LT-18
LT,Kelmė,LT-19
LT,Klaipėda,LT-21
LT,Klaipėdos miestas,LT-20
LT,Kretinga,LT-22
LT,Kupiškis,LT-23
LT,Lazdijai,LT-24
LT,Marijampolė,LT-25
LT,Mažeikiai,LT-26
LT,Molėtai,LT-27
LT,Neringa,LT-28
LT,Pagėgiai,LT-29
LT,Pakruojis,LT-30
LT,Palangos miestas,LT-31
LT,Panevėžio miestas,LT-32
LT,Panevėžys,LT-33
LT,Pasvalys,LT-34
LT,Plungė,LT-35
LT,Prienai,LT-36
LT,Radviliškis,LT-37
LT,Raseiniai,LT-38
LT,Rietavas,LT-39
LT,Rokiškis,LT-40
LT,Šakiai,LT-41
LT,Šalčininkai,LT-42
LT,Šiauliai,LT-44
LT,Šiaulių miestas,LT-43
LT,Šilalė,LT-45
LT,Šilutė,LT-46
LT,Širvintos,LT-47
LT,Skuodas,LT-48
LT,Švenčionys,LT-49
LT,Tauragė,LT-50
LT,Telšiai,LT-51
LT,Trakai,LT-52
LT,Ukmergė,LT-53
LT,Utena,LT-54
LT,Varėna,LT-55
LT,Vilkaviškis,LT-56
LT,Vilniaus miestas,LT-57
LT,Vilnius,LT-58
LT,Visaginas,LT-59
LT,Zarasai,LT-60
LU,Capellen,LU-CA
LU,Clervaux,LU-CL
LU,Diekirch,LU-DI
LU,Echternach,LU-EC
LU,Esch-sur-Alzette,LU-ES
LU,Grevenmacher,LU-GR
LU,Luxembourg,LU-LU
LU,Mersch,LU-ME
LU,Redange,LU-RD
LU,Remich,LU-RM
LU,Vianden,LU-VD
LU,Wiltz,LU-WI
LV,Aizkraukles novads,LV-002
LV,Alūksnes novads,LV-007
LV,Augšdaugavas novads,LV-111
LV,Ādažu novads,LV-011
LV,Balvu novads,LV-015
LV,Bauskas novads,LV-016
LV,Cēsu novads,LV-022
LV,Daugavpils,LV-DGV
LV,Dienvidkurzemes Novads,LV-112
LV,Dobeles novads,LV-026
LV,Gulbenes novads,LV-033
LV,Jelgava,LV-JEL
LV,Jelgavas novads,LV-041
LV,Jēkabpils novads,LV-042
LV,Jūrmala,LV-JUR
LV,Krāslavas novads,LV-047
LV,Kuldīgas novads,LV-050
LV,Ķekavas novads,LV-052
LV,Liepāja,LV-LPX
LV,Limbažu novads,LV-054
LV,Līvānu novads,LV-056
LV,Ludzas novads,LV-058
LV,Madonas novads,LV-059
LV,Mārupes novads,LV-062
LV,Ogres novads,LV-067
LV,Olaines novads,LV-068
LV,Preiļu novads,LV-073
LV,Rēzekne,LV-REZ
LV,Rēzeknes novads,LV-077
LV,Rīga,LV-RIX
LV,Ropažu novads,LV-080
LV,Salaspils novads,LV-087
LV,Saldus novads,LV-088
LV,Saulkrastu novads,LV-089
LV,Siguldas novads,LV-091
LV,Smiltenes novads,LV-094
LV,Talsu novads,LV-097
LV,Tukuma novads,LV-099
LV,Valkas novads,LV-101
LV,Valmieras Novads,LV-113
LV,Varakļānu novads,LV-102
LV,Ventspils,LV-VEN
LV,Ventspils novads,LV-106
MA,Béni Mellal-Khénifra,MA-05
MA,Casablanca-Settat,MA-06
MA,Dakhla-Oued Ed-Dahab,MA-12
MA,Drâa-Tafilalet,MA-08
MA,Fès-Meknès,MA-03
MA,Guelmim-Oued Noun,MA-10
MA,L'Oriental,MA-02
MA,Laâyoune-Sakia El Hamra,MA-11
MA,Marrakech-Safi,MA-07
MA,Rabat-Salé-Kénitra,MA-04
MA,Souss-Massa,MA-09
MA,Tanger-Tétouan-Al Hoceïma,MA-01
MA,Agadir-Ida-Ou-Tanane,MA-AGD
MA,Al Haouz,MA-HAO
MA,Al Hoceïma,MA-HOC
MA,Aousserd,MA-AOU
MA,Assa-Zag,MA-ASZ
MA,Azilal,MA-AZI
MA,Béni Mellal,MA-BEM
MA,Benslimane,MA-BES
MA,Berkane,MA-BER
MA,Berrechid,MA-BRR
MA,Boujdour,MA-BOD
MA,Boulemane,MA-BOM
MA,Casablanca,MA-CAS
MA,Chefchaouen,MA-CHE
MA,Chichaoua,MA-CHI
MA,Chtouka-Ait Baha,MA-CHT
MA,Driouch,MA-DRI
MA,El Hajeb,MA-HAJ
MA,El Jadida,MA-JDI
MA,El Kelâa des Sraghna,MA-KES
MA,Errachidia,MA-ERR
MA,Es-Semara,MA-ESM
MA,Essaouira,MA-ESI
MA,Fahs-Anjra,MA-FAH
MA,Fès,MA-FES
MA,Figuig,MA-FIG
MA,Fquih Ben Salah,MA-FQH
MA,Guelmim,MA-GUE
MA,Guercif,MA-GUF
MA,Ifrane,MA-IFR
MA,Inezgane-Ait Melloul,MA-INE
MA,Jerada,MA-JRA
MA,Kénitra,MA-KEN
MA,Khémisset,MA-KHE
MA,Khénifra,MA-KHN
MA,Khouribga,MA-KHO
MA,Laâyoune,MA-LAA
MA,Larache,MA-LAR
MA,M’diq-Fnideq,MA-MDF
MA,Marrakech,MA-MAR
MA,Médiouna,MA-MED
MA,Meknès,MA-MEK
MA,Midelt,MA-MID
MA,Mohammadia,MA-MOH
MA,Moulay Yacoub,MA-MOU
MA,Nador,MA-NAD
MA,Nouaceur,MA-NOU
MA,Ouarzazate,MA-OUA
MA,Oued Ed-Dahab,MA-OUD
MA,Ouezzane,MA-OUZ
MA,Oujda-Angad,MA-OUJ
MA,Rabat,MA-RAB
MA,Rehamna,MA-REH
MA,Safi,MA-SAF
MA,Salé,MA-SAL
MA,Sefrou,MA-SEF
MA,Settat,MA-SET
MA,Sidi Bennour,MA-SIB
MA,Sidi Ifni,MA-SIF
MA,Sidi Kacem,MA-SIK
MA,Sidi Slimane,MA-SIL
MA,Skhirate-Témara,MA-SKH
MA,Tan-Tan,MA-TNT
MA,Tanger-Assilah,MA-TNG
MA,Taounate,MA-TAO
MA,Taourirt,MA-TAI
MA,Tarfaya,MA-TAF
MA,Taroudannt,MA-TAR
MA,Tata,MA-TAT
MA,Taza,MA-TAZ
MA,Tétouan,MA-TET
MA,Tinghir,MA-TIN
MA,Tiznit,MA-TIZ
MA,Youssoufia,MA-YUS
MA,Zagora,MA-ZAG
MC,Fontvieille,MC-FO
MC,Jardin Exotique,MC-JE
MC,La Colle,MC-CL
MC,La Condamine,MC-CO
MC,La Gare,MC-GA
MC,La Source,MC-SO
MC,Larvotto,MC-LA
MC,Malbousquet,MC-MA
MC,Monaco-Ville,MC-MO
MC,Moneghetti,MC-MG
MC,Monte-Carlo,MC-MC
MC,Moulins,MC-MU
MC,Port-Hercule,MC-PH
MC,Saint-Roman,MC-SR
MC,Sainte-Dévote,MC-SD
MC,Spélugues,MC-SP
MC,Vallon de la Rousse,MC-VR
MD,Anenii Noi,MD-AN
MD,Basarabeasca,MD-BS
MD,Bălți,MD-BA
MD,Bender,MD-BD
MD,Briceni,MD-BR
MD,Cahul,MD-CA
MD,Cantemir,MD-CT
MD,Călărași,MD-CL
MD,Căușeni,MD-CS
MD,Chișinău,MD-CU
MD,Cimișlia,MD-CM
MD,Criuleni,MD-CR
MD,Dondușeni,MD-DO
MD,Drochia,MD-DR
MD,Dubăsari,MD-DU
MD,Edineț,MD-ED
MD,Fălești,MD-FA
MD,Florești,MD-FL
MD,"Găgăuzia, Unitatea teritorială autonomă",MD-GA
MD,Glodeni,MD-GL
MD,Hîncești,MD-HI
MD,Ialoveni,MD-IA
MD,Leova,MD-LE
MD,Nisporeni,MD-NI
MD,Ocnița,MD-OC
MD,Orhei,MD-OR
MD,Rezina,MD-RE
MD,Rîșcani,MD-RI
MD,Sîngerei,MD-SI
MD,Soroca,MD-SO
MD,"Stînga Nistrului, unitatea teritorială din",MD-SN
MD,Strășeni,MD-ST
MD,Șoldănești,MD-SD
MD,Ștefan Vodă,MD-SV
MD,Taraclia,MD-TA
MD,Telenești,MD-TE
MD,Ungheni,MD-UN
ME,Andrijevica,ME-01
ME,Bar,ME-02
ME,Berane,ME-03
ME,Bijelo Polje,ME-04
ME,Budva,ME-05
ME,Cetinje,ME-06
ME,Danilovgrad,ME-07
ME,Gusinje,ME-22
ME,Herceg-Novi,ME-08
ME,Kolašin,ME-09
ME,Kotor,ME-10
ME,Mojkovac,ME-11
ME,Nikšić,ME-12
ME,Petnjica,ME-23
ME,Plav,ME-13
ME,Pljevlja,ME-14
ME,Plužine,ME-15
ME,Podgorica,ME-16
ME,Rožaje,ME-17
ME,Šavnik,ME-18
ME,Tivat,ME-19
ME,Tuzi,ME-24
ME,Ulcinj,ME-20
ME,Žabljak,ME-21
ME,Zeta,ME-25
MG,Antananarivo,MG-T
MG,Antsiranana,MG-D
MG,Fianarantsoa,MG-F
MG,Mahajanga,MG-M
MG,Toamasina,MG-A
MG,Toliara,MG-U
MH,Ralik chain,MH-L
MH,Ratak chain,MH-T
MH,Ailinglaplap,MH-ALL
MH,Ailuk,MH-ALK
MH,Arno,MH-ARN
MH,Aur,MH-AUR
MH,Bikini & Kili,MH-KIL
MH,Ebon,MH-EBO
MH,Enewetak & Ujelang,MH-ENI
MH,Jabat,MH-JAB
MH,Jaluit,MH-JAL
MH,Kwajalein,MH-KWA
MH,Lae,MH-LAE
MH,Lib,MH-LIB
MH,Likiep,MH-LIK
MH,Majuro,MH-MAJ
MH,Maloelap,MH-MAL
MH,Mejit,MH-MEJ
MH,Mili,MH-MIL
MH,Namdrik,MH-NMK
MH,Namu,MH-NMU
MH,Rongelap,MH-RON
MH,Ujae,MH-UJA
MH,Utrik,MH-UTI
MH,Wotho,MH-WTH
MH,Wotje,MH-WTJ
MK,Aerodrom,MK-801
MK,Aračinovo,MK-802
MK,Berovo,MK-201
MK,Bitola,MK-501
MK,Bogdanci,MK-401
MK,Bogovinje,MK-601
MK,Bosilovo,MK-402
MK,Brvenica,MK-602
MK,Butel,MK-803
MK,Centar,MK-814
MK,Centar Župa,MK-313
MK,Čair,MK-815
MK,Čaška,MK-109
MK,Češinovo-Obleševo,MK-210
MK,Čučer-Sandevo,MK-816
MK,Debar,MK-303
MK,Debrca,MK-304
MK,Delčevo,MK-203
MK,Demir Hisar,MK-502
MK,Demir Kapija,MK-103
MK,Dojran,MK-406
MK,Dolneni,MK-503
MK,Gazi Baba,MK-804
MK,Gevgelija,MK-405
MK,Gjorče Petrov,MK-805
MK,Gostivar,MK-604
MK,Gradsko,MK-102
MK,Ilinden,MK-807
MK,Jegunovce,MK-606
MK,Karbinci,MK-205
MK,Karpoš,MK-808
MK,Kavadarci,MK-104
MK,Kičevo,MK-307
MK,Kisela Voda,MK-809
MK,Kočani,MK-206
MK,Konče,MK-407
MK,Kratovo,MK-701
MK,Kriva Palanka,MK-702
MK,Krivogaštani,MK-504
MK,Kruševo,MK-505
MK,Kumanovo,MK-703
MK,Lipkovo,MK-704
MK,Lozovo,MK-105
MK,Makedonska Kamenica,MK-207
MK,Makedonski Brod,MK-308
MK,Mavrovo i Rostuše,MK-607
MK,Mogila,MK-506
MK,Negotino,MK-106
MK,Novaci,MK-507
MK,Novo Selo,MK-408
MK,Ohrid,MK-310
MK,Pehčevo,MK-208
MK,Petrovec,MK-810
MK,Plasnica,MK-311
MK,Prilep,MK-508
MK,Probištip,MK-209
MK,Radoviš,MK-409
MK,Rankovce,MK-705
MK,Resen,MK-509
MK,Rosoman,MK-107
MK,Saraj,MK-811
MK,Sopište,MK-812
MK,Staro Nagoričane,MK-706
MK,Struga,MK-312
MK,Strumica,MK-410
MK,Studeničani,MK-813
MK,Sveti Nikole,MK-108
MK,Štip,MK-211
MK,Šuto Orizari,MK-817
MK,Tearce,MK-608
MK,Tetovo,MK-609
MK,Valandovo,MK-403
MK,Vasilevo,MK-404
MK,Veles,MK-101
MK,Vevčani,MK-301
MK,Vinica,MK-202
MK,Vrapčište,MK-603
MK,Zelenikovo,MK-806
MK,Zrnovci,MK-204
MK,Želino,MK-605
ML,Bamako,ML-BKO
ML,Gao,ML-7
ML,Kayes,ML-1
ML,Kidal,ML-8
ML,Koulikoro,ML-2
ML,Ménaka,ML-9
ML,Mopti,ML-5
ML,Ségou,ML-4
ML,Sikasso,ML-3
ML,Taoudénit,ML-10
ML,Tombouctou,ML-6
MM,Ayeyarwady,MM-07
MM,Bago,MM-02
MM,Chin,MM-14
MM,Kachin,MM-11
MM,Kayah,MM-12
MM,Kayin,MM-13
MM,Magway,MM-03
MM,Mandalay,MM-04
MM,Tue,MM-15
MM,Nay Pyi Taw,MM-18
MM,Rakhine,MM-16
MM,Sagaing,MM-01
MM,Shan,MM-17
MM,Tanintharyi,MM-05
MM,Yangon,MM-06
MN,Arhangay,MN-073
MN,Bayanhongor,MN-069
MN,Bayan-Ölgiy,MN-071
MN,Bulgan,MN-067
MN,Darhan uul,MN-037
MN,Dornod,MN-061
MN,Dornogovĭ,MN-063
MN,Dundgovĭ,MN-059
MN,Dzavhan,MN-057
MN,Govĭ-Altay,MN-065
MN,Govĭ-Sümber,MN-064
MN,Hentiy,MN-039
MN,Hovd,MN-043
MN,Hövsgöl,MN-041
MN,Ömnögovĭ,MN-053
MN,Orhon,MN-035
MN,Övörhangay,MN-055
MN,Selenge,MN-049
MN,Sühbaatar,MN-051
MN,Töv,MN-047
MN,Ulaanbaatar,MN-1
MN,Uvs,MN-046
MU,Agalega Islands,MU-AG
MU,Black River,MU-BL
MU,Cargados Carajos Shoals,MU-CC
MU,Flacq,MU-FL
MU,Grand Port,MU-GP
MU,Moka,MU-MO
MU,Pamplemousses,MU-PA
MU,Plaines Wilhems,MU-PW
MU,Port Louis,MU-PL
MU,Rivière du Rempart,MU-RR
MU,Rodrigues Island,MU-RO
MU,Savanne,MU-SA
MW,Balaka,MW-BA
MW,Blantyre,MW-BL
MW,Chikwawa,MW-CK
MW,Chiradzulu,MW-CR
MW,Chitipa,MW-CT
MW,Dedza,MW-DE
MW,Dowa,MW-DO
MW,Karonga,MW-KR
MW,Kasungu,MW-KS
MW,Likoma,MW-LK
MW,Lilongwe,MW-LI
MW,Machinga,MW-MH
MW,Mangochi,MW-MG
MW,Mchinji,MW-MC
MW,Mulanje,MW-MU
MW,Mwanza,MW-MW
MW,Mzimba,MW-MZ
MW,Neno,MW-NE
MW,Nkhata Bay,MW-NB
MW,Nkhotakota,MW-NK
MW,Nsanje,MW-NS
MW,Ntcheu,MW-NU
MW,Ntchisi,MW-NI
MW,Phalombe,MW-PH
MW,Rumphi,MW-RU
MW,Salima,MW-SA
MW,Thyolo,MW-TH
MW,Zomba,MW-ZO
MX,Aguascalientes,MX-AGU
MX,Baja California,MX-BCN
MX,Baja California Sur,MX-BCS
MX,Campeche,MX-CAM
MX,Chiapas,MX-CHP
MX,Chihuahua,MX-CHH
MX,Ciudad de México,MX-CMX
MX,Coahuila de Zaragoza,MX-COA
MX,Colima,MX-COL
MX,Durango,MX-DUR
MX,Guanajuato,MX-GUA
MX,Guerrero,MX-GRO
MX,Hidalgo,MX-HID
MX,Jalisco,MX-JAL
MX,Michoacán de Ocampo,MX-MIC
MX,Morelos,MX-MOR
MX,México,MX-MEX
MX,Nayarit,MX-NAY
MX,Nuevo León,MX-NLE
MX,Oaxaca,MX-OAX
MX,Puebla,MX-PUE
MX,Querétaro,MX-QUE
MX,Quintana Roo,MX-ROO
MX,San Luis Potosí,MX-SLP
MX,Sinaloa,MX-SIN
MX,Sonora,MX-SON
MX,Tabasco,MX-TAB
MX,Tamaulipas,MX-TAM
MX,Tlaxcala,MX-TLA
MX,Veracruz de Ignacio de la Llave,MX-VER
MX,Yucatán,MX-YUC
MX,Zacatecas,MX-ZAC
MY,Johor,MY-01
MY,Kedah,MY-02
MY,Kelantan,MY-03
MY,Melaka,MY-04
MY,Negeri Sembilan,MY-05
MY,Pahang,MY-06
MY,Perak,MY-08
MY,Perlis,MY-09
MY,Pulau Pinang,MY-07
MY,Sabah,MY-12
MY,Sarawak,MY-13
MY,Selangor,MY-10
MY,Terengganu,MY-11
MY,Wilayah Persekutuan Kuala Lumpur,MY-14
MY,Wilayah Persekutuan Labuan,MY-15
MY,Wilayah Persekutuan Putrajaya,MY-16
MZ,Cabo Delgado,MZ-P
MZ,Gaza,MZ-G
MZ,Inhambane,MZ-I
MZ,Manica,MZ-B
MZ,Maputo,MZ-MPM
MZ,Maputo,MZ-L
MZ,Nampula,MZ-N
MZ,Niassa,MZ-A
MZ,Sofala,MZ-S
MZ,Tete,MZ-T
MZ,Zambézia,MZ-Q
NA,Erongo,NA-ER
NA,Hardap,NA-HA
NA,//Karas,NA-KA
NA,Kavango East,NA-KE
NA,Kavango West,NA-KW
NA,Khomas,NA-KH
NA,Kunene,NA-KU
NA,Ohangwena,NA-OW
NA,Omaheke,NA-OH
NA,Omusati,NA-OS
NA,Oshana,NA-ON
NA,Oshikoto,NA-OT
NA,Otjozondjupa,NA-OD
NA,Zambezi,NA-CA
NE,Agadez,NE-1
NE,Diffa,NE-2
NE,Dosso,NE-3
NE,Maradi,NE-4
NE,Niamey,NE-8
NE,Tahoua,NE-5
NE,Tillabéri,NE-6
NE,Zinder,NE-7
NG,Abia,NG-AB
NG,Abuja Federal Capital Territory,NG-FC
NG,Adamawa,NG-AD
NG,Akwa Ibom,NG-AK
NG,Anambra,NG-AN
NG,Bauchi,NG-BA
NG,Bayelsa,NG-BY
NG,Benue,NG-BE
NG,Borno,NG-BO
NG,Cross River,NG-CR
NG,Delta,NG-DE
NG,Ebonyi,NG-EB
NG,Edo,NG-ED
NG,Ekiti,NG-EK
NG,Enugu,NG-EN
NG,Gombe,NG-GO
NG,Imo,NG-IM
NG,Jigawa,NG-JI
NG,Kaduna,NG-KD
NG,Kano,NG-KN
NG,Katsina,NG-KT
NG,Kebbi,NG-KE
NG,Kogi,NG-KO
NG,Kwara,NG-KW
NG,Lagos,NG-LA
NG,Nasarawa,NG-NA
NG,Niger,NG-NI
NG,Ogun,NG-OG
NG,Ondo,NG-ON
NG,Osun,NG-OS
NG,Oyo,NG-OY
NG,Plateau,NG-PL
NG,Rivers,NG-RI
NG,Sokoto,NG-SO
NG,Taraba,NG-TA
NG,Yobe,NG-YO
NG,Zamfara,NG-ZA
NL,Aruba,NL-AW
NL,Curaçao,NL-CW
NL,Sint Maarten,NL-SX
NL,Bonaire,NL-BQ1
NL,Saba,NL-BQ2
NL,Sint Eustatius,NL-BQ3
NR,Aiwo,NR-01
NR,Anabar,NR-02
NR,Anetan,NR-03
NR,Anibare,NR-04
NR,Baitsi,NR-05
NR,Boe,NR-06
NR,Buada,NR-07
NR,Denigomodu,NR-08
NR,Ewa,NR-09
NR,Ijuw,NR-10
NR,Meneng,NR-11
NR,Nibok,NR-12
NR,Uaboe,NR-13
NR,Yaren,NR-14
NZ,Auckland,NZ-AUK
NZ,Bay of Plenty,NZ-BOP
NZ,Canterbury,NZ-CAN
NZ,Chatham Islands Territory,NZ-CIT
NZ,Gisborne,NZ-GIS
NZ,Greater Wellington,NZ-WGN
NZ,Hawke's Bay,NZ-HKB
NZ,Manawatū-Whanganui,NZ-MWT
NZ,Marlborough,NZ-MBH
NZ,Nelson,NZ-NSN
NZ,Northland,NZ-NTL
NZ,Otago,NZ-OTA
NZ,Southland,NZ-STL
NZ,Taranaki,NZ-TKI
NZ,Tasman,NZ-TAS
NZ,Waikato,NZ-WKO
NZ,West Coast,NZ-WTC
PE,Amazonas,PE-AMA
PE,Ancash,PE-ANC
PE,Apurímac,PE-APU
PE,Arequipa,PE-ARE
PE,Ayacucho,PE-AYA
PE,Cajamarca,PE-CAJ
PE,Cusco,PE-CUS
PE,El Callao,PE-CAL
PE,Huancavelica,PE-HUV
PE,Huánuco,PE-HUC
PE,Ica,PE-ICA
PE,Junín,PE-JUN
PE,La Libertad,PE-LAL
PE,Lambayeque,PE-LAM
PE,Lima,PE-LIM
PE,Loreto,PE-LOR
PE,Madre de Dios,PE-MDD
PE,Moquegua,PE-MOQ
PE,Municipalidad Metropolitana de Lima,PE-LMA
PE,Pasco,PE-PAS
PE,Piura,PE-PIU
PE,Puno,PE-PUN
PE,San Martín,PE-SAM
PE,Tacna,PE-TAC
PE,Tumbes,PE-TUM
PE,Ucayali,PE-UCA
PG,Bougainville,PG-NSB
PG,Central,PG-CPM
PG,Chimbu,PG-CPK
PG,East New Britain,PG-EBR
PG,East Sepik,PG-ESW
PG,Eastern Highlands,PG-EHG
PG,Enga,PG-EPW
PG,Gulf,PG-GPK
PG,Hela,PG-HLA
PG,Jiwaka,PG-JWK
PG,Madang,PG-MPM
PG,Manus,PG-MRL
PG,Milne Bay,PG-MBA
PG,Morobe,PG-MPL
PG,National Capital District,PG-NCD
PG,New Ireland,PG-NIK
PG,Northern,PG-NPP
PG,Southern Highlands,PG-SHM
PG,West New Britain,PG-WBK
PG,West Sepik,PG-SAN
PG,Western,PG-WPD
PG,Western Highlands,PG-WHM
PH,Autonomous Region in Muslim Mindanao,PH-14
PH,Bicol,PH-05
PH,Cagayan Valley,PH-02
PH,Calabarzon,PH-40
PH,Caraga,PH-13
PH,Central Luzon,PH-03
PH,Central Visayas,PH-07
PH,Cordillera Administrative Region,PH-15
PH,Davao,PH-11
PH,Eastern Visayas,PH-08
PH,Ilocos,PH-01
PH,Mimaropa,PH-41
PH,National Capital Region,PH-00
PH,Northern Mindanao,PH-10
PH,Soccsksargen,PH-12
PH,Western Visayas,PH-06
PH,Zamboanga Peninsula,PH-09
PH,Abra,PH-ABR
PH,Agusan del Norte,PH-AGN
PH,Agusan del Sur,PH-AGS
PH,Aklan,PH-AKL
PH,Albay,PH-ALB
PH,Antique,PH-ANT
PH,Apayao,PH-APA
PH,Aurora,PH-AUR
PH,Basilan,PH-BAS
PH,Bataan,PH-BAN
PH,Batanes,PH-BTN
PH,Batangas,PH-BTG
PH,Benguet,PH-BEN
PH,Biliran,PH-BIL
PH,Bohol,PH-BOH
PH,Bukidnon,PH-BUK
PH,Bulacan,PH-BUL
PH,Cagayan,PH-CAG
PH,Camarines Norte,PH-CAN
PH,Camarines Sur,PH-CAS
PH,Camiguin,PH-CAM
PH,Capiz,PH-CAP
PH,Catanduanes,PH-CAT
PH,Cavite,PH-CAV
PH,Cebu,PH-CEB
PH,Cotabato,PH-NCO
PH,Davao de Oro,PH-COM
PH,Davao del Norte,PH-DAV
PH,Davao del Sur,PH-DAS
PH,Davao Occidental,PH-DVO
PH,Davao Oriental,PH-DAO
PH,Dinagat Islands,PH-DIN
PH,Eastern Samar,PH-EAS
PH,Guimaras,PH-GUI
PH,Ifugao,PH-IFU
PH,Ilocos Norte,PH-ILN
PH,Ilocos Sur,PH-ILS
PH,Iloilo,PH-ILI
PH,Isabela,PH-ISA
PH,Kalinga,PH-KAL
PH,La Union,PH-LUN
PH,Laguna,PH-LAG
PH,Lanao del Norte,PH-LAN
PH,Lanao del Sur,PH-LAS
PH,Leyte,PH-LEY
PH,Marinduque,PH-MAD
PH,Masbate,PH-MAS
PH,Mindoro Occidental,PH-MDC
PH,Mindoro Oriental,PH-MDR
PH,Maguindanao del Norte,PH-MGN
PH,Maguindanao del Sur,PH-MGS
PH,Misamis Occidental,PH-MSC
PH,Misamis Oriental,PH-MSR
PH,Mountain Province,PH-MOU
PH,Negros Occidental,PH-NEC
PH,Negros Oriental,PH-NER
PH,Northern Samar,PH-NSA
PH,Nueva Ecija,PH-NUE
PH,Nueva Vizcaya,PH-NUV
PH,Palawan,PH-PLW
PH,Pampanga,PH-PAM
PH,Pangasinan,PH-PAN
PH,Quezon,PH-QUE
PH,Quirino,PH-QUI
PH,Rizal,PH-RIZ
PH,Romblon,PH-ROM
PH,Samar,PH-WSA
PH,Sarangani,PH-SAR
PH,Siquijor,PH-SIG
PH,Sorsogon,PH-SOR
PH,South Cotabato,PH-SCO
PH,Southern Leyte,PH-SLE
PH,Sultan Kudarat,PH-SUK
PH,Sulu,PH-SLU
PH,Surigao del Norte,PH-SUN
PH,Surigao del Sur,PH-SUR
PH,Tarlac,PH-TAR
PH,Tawi-Tawi,PH-TAW
PH,Zambales,PH-ZMB
PH,Zamboanga del Norte,PH-ZAN
PH,Zamboanga del Sur,PH-ZAS
PH,Zamboanga Sibugay,PH-ZSI
PW,Aimeliik,PW-002
PW,Airai,PW-004
PW,Angaur,PW-010
PW,Hatohobei,PW-050
PW,Kayangel,PW-100
PW,Koror,PW-150
PW,Melekeok,PW-212
PW,Ngaraard,PW-214
PW,Ngarchelong,PW-218
PW,Ngardmau,PW-222
PW,Ngatpang,PW-224
PW,Ngchesar,PW-226
PW,Ngeremlengui,PW-227
PW,Ngiwal,PW-228
PW,Peleliu,PW-350
PW,Sonsorol,PW-370
RO,Alba,RO-AB
RO,Arad,RO-AR
RO,Argeș,RO-AG
RO,Bacău,RO-BC
RO,Bihor,RO-BH
RO,Bistrița-Năsăud,RO-BN
RO,Botoșani,RO-BT
RO,Brașov,RO-BV
RO,Brăila,RO-BR
RO,București,RO-B
RO,Buzău,RO-BZ
RO,Caraș-Severin,RO-CS
RO,Călărași,RO-CL
RO,Cluj,RO-CJ
RO,Constanța,RO-CT
RO,Covasna,RO-CV
RO,Dâmbovița,RO-DB
RO,Dolj,RO-DJ
RO,Galați,RO-GL
RO,Giurgiu,RO-GR
RO,Gorj,RO-GJ
RO,Harghita,RO-HR
RO,Hunedoara,RO-HD
RO,Ialomița,RO-IL
RO,Iași,RO-IS
RO,Ilfov,RO-IF
RO,Maramureș,RO-MM
RO,Mehedinți,RO-MH
RO,Mureș,RO-MS
RO,Neamț,RO-NT
RO,Olt,RO-OT
RO,Prahova,RO-PH
RO,Satu Mare,RO-SM
RO,Sălaj,RO-SJ
RO,Sibiu,RO-SB
RO,Suceava,RO-SV
RO,Teleorman,RO-TR
RO,Timiș,RO-TM
RO,Tulcea,RO-TL
RO,Vaslui,RO-VS
RO,Vâlcea,RO-VL
RO,Vrancea,RO-VN
RS,Kosovo-Metohija,RS-KM
RS,Vojvodina,RS-VO
RW,City of Kigali,RW-01
RW,Eastern,RW-02
RW,Northern,RW-03
RW,Southern,RW-05
RW,Western,RW-04
SB,Capital Territory,SB-CT
SB,Central,SB-CE
SB,Choiseul,SB-CH
SB,Guadalcanal,SB-GU
SB,Isabel,SB-IS
SB,Makira-Ulawa,SB-MK
SB,Malaita,SB-ML
SB,Rennell and Bellona,SB-RB
SB,Temotu,SB-TE
SB,Western,SB-WE
SC,Anse aux Pins,SC-01
SC,Anse Boileau,SC-02
SC,Anse Etoile,SC-03
SC,Anse Royale,SC-05
SC,Au Cap,SC-04
SC,Baie Lazare,SC-06
SC,Baie Sainte Anne,SC-07
SC,Beau Vallon,SC-08
SC,Bel Air,SC-09
SC,Bel Ombre,SC-10
SC,Cascade,SC-11
SC,English River,SC-16
SC,Glacis,SC-12
SC,Grand Anse Mahe,SC-13
SC,Grand Anse Praslin,SC-14
SC,Ile Perseverance I,SC-26
SC,Ile Perseverance II,SC-27
SC,La Digue,SC-15
SC,Les Mamelles,SC-24
SC,Mont Buxton,SC-17
SC,Mont Fleuri,SC-18
SC,Plaisance,SC-19
SC,Pointe Larue,SC-20
SC,Port Glaud,SC-21
SC,Roche Caiman,SC-25
SC,Saint Louis,SC-22
SC,Takamaka,SC-23
SG,Central Singapore,SG-01
SG,North East,SG-02
SG,North West,SG-03
SG,South East,SG-04
SG,South West,SG-05
SH,Ascension,SH-AC
SH,Saint Helena,SH-HL
SH,Tristan da Cunha,SH-TA
SI,Ajdovščina,SI-001
SI,Ankaran,SI-213
SI,Apače,SI-195
SI,Beltinci,SI-002
SI,Benedikt,SI-148
SI,Bistrica ob Sotli,SI-149
SI,Bled,SI-003
SI,Bloke,SI-150
SI,Bohinj,SI-004
SI,Borovnica,SI-005
SI,Bovec,SI-006
SI,Braslovče,SI-151
SI,Brda,SI-007
SI,Brezovica,SI-008
SI,Brežice,SI-009
SI,Cankova,SI-152
SI,Celje,SI-011
SI,Cerklje na Gorenjskem,SI-012
SI,Cerknica,SI-013
SI,Cerkno,SI-014
SI,Cerkvenjak,SI-153
SI,Cirkulane,SI-196
SI,Črenšovci,SI-015
SI,Črna na Koroškem,SI-016
SI,Črnomelj,SI-017
SI,Destrnik,SI-018
SI,Divača,SI-019
SI,Dobje,SI-154
SI,Dobrepolje,SI-020
SI,Dobrna,SI-155
SI,Dobrova-Polhov Gradec,SI-021
SI,Dobrovnik,SI-156
SI,Dol pri Ljubljani,SI-022
SI,Dolenjske Toplice,SI-157
SI,Domžale,SI-023
SI,Dornava,SI-024
SI,Dravograd,SI-025
SI,Duplek,SI-026
SI,Gorenja vas-Poljane,SI-027
SI,Gorišnica,SI-028
SI,Gorje,SI-207
SI,Gornja Radgona,SI-029
SI,Gornji Grad,SI-030
SI,Gornji Petrovci,SI-031
SI,Grad,SI-158
SI,Grosuplje,SI-032
SI,Hajdina,SI-159
SI,Hoče-Slivnica,SI-160
SI,Hodoš,SI-161
SI,Horjul,SI-162
SI,Hrastnik,SI-034
SI,Hrpelje-Kozina,SI-035
SI,Idrija,SI-036
SI,Ig,SI-037
SI,Ilirska Bistrica,SI-038
SI,Ivančna Gorica,SI-039
SI,Izola,SI-040
SI,Jesenice,SI-041
SI,Jezersko,SI-163
SI,Juršinci,SI-042
SI,Kamnik,SI-043
SI,Kanal ob Soči,SI-044
SI,Kidričevo,SI-045
SI,Kobarid,SI-046
SI,Kobilje,SI-047
SI,Kočevje,SI-048
SI,Komen,SI-049
SI,Komenda,SI-164
SI,Koper,SI-050
SI,Kostanjevica na Krki,SI-197
SI,Kostel,SI-165
SI,Kozje,SI-051
SI,Kranj,SI-052
SI,Kranjska Gora,SI-053
SI,Križevci,SI-166
SI,Krško,SI-054
SI,Kungota,SI-055
SI,Kuzma,SI-056
SI,Laško,SI-057
SI,Lenart,SI-058
SI,Lendava,SI-059
SI,Litija,SI-060
SI,Ljubljana,SI-061
SI,Ljubno,SI-062
SI,Ljutomer,SI-063
SI,Log-Dragomer,SI-208
SI,Logatec,SI-064
SI,Loška dolina,SI-065
SI,Loški Potok,SI-066
SI,Lovrenc na Pohorju,SI-167
SI,Luče,SI-067
SI,Lukovica,SI-068
SI,Majšperk,SI-069
SI,Makole,SI-198
SI,Maribor,SI-070
SI,Markovci,SI-168
SI,Medvode,SI-071
SI,Mengeš,SI-072
SI,Metlika,SI-073
SI,Mežica,SI-074
SI,Miklavž na Dravskem polju,SI-169
SI,Miren-Kostanjevica,SI-075
SI,Mirna,SI-212
SI,Mirna Peč,SI-170
SI,Mislinja,SI-076
SI,Mokronog-Trebelno,SI-199
SI,Moravče,SI-077
SI,Moravske Toplice,SI-078
SI,Mozirje,SI-079
SI,Murska Sobota,SI-080
SI,Muta,SI-081
SI,Naklo,SI-082
SI,Nazarje,SI-083
SI,Nova Gorica,SI-084
SI,Novo Mesto,SI-085
SI,Odranci,SI-086
SI,Oplotnica,SI-171
SI,Ormož,SI-087
SI,Osilnica,SI-088
SI,Pesnica,SI-089
SI,Piran,SI-090
SI,Pivka,SI-091
SI,Podčetrtek,SI-092
SI,Podlehnik,SI-172
SI,Podvelka,SI-093
SI,Poljčane,SI-200
SI,Polzela,SI-173
SI,Postojna,SI-094
SI,Prebold,SI-174
SI,Preddvor,SI-095
SI,Prevalje,SI-175
SI,Ptuj,SI-096
SI,Puconci,SI-097
SI,Rače-Fram,SI-098
SI,Radeče,SI-099
SI,Radenci,SI-100
SI,Radlje ob Dravi,SI-101
SI,Radovljica,SI-102
SI,Ravne na Koroškem,SI-103
SI,Razkrižje,SI-176
SI,Rečica ob Savinji,SI-209
SI,Renče-Vogrsko,SI-201
SI,Ribnica,SI-104
SI,Ribnica na Pohorju,SI-177
SI,Rogaška Slatina,SI-106
SI,Rogašovci,SI-105
SI,Rogatec,SI-107
SI,Ruše,SI-108
SI,Selnica ob Dravi,SI-178
SI,Semič,SI-109
SI,Sevnica,SI-110
SI,Sežana,SI-111
SI,Slovenj Gradec,SI-112
SI,Slovenska Bistrica,SI-113
SI,Slovenske Konjice,SI-114
SI,Sodražica,SI-179
SI,Solčava,SI-180
SI,Središče ob Dravi,SI-202
SI,Starše,SI-115
SI,Straža,SI-203
SI,Sveta Ana,SI-181
SI,Sveta Trojica v Slovenskih goricah,SI-204
SI,Sveti Andraž v Slovenskih goricah,SI-182
SI,Sveti Jurij ob Ščavnici,SI-116
SI,Sveti Jurij v Slovenskih goricah,SI-210
SI,Sveti Tomaž,SI-205
SI,Šalovci,SI-033
SI,Šempeter-Vrtojba,SI-183
SI,Šenčur,SI-117
SI,Šentilj,SI-118
SI,Šentjernej,SI-119
SI,Šentjur,SI-120
SI,Šentrupert,SI-211
SI,Škocjan,SI-121
SI,Škofja Loka,SI-122
SI,Škofljica,SI-123
SI,Šmarje pri Jelšah,SI-124
SI,Šmarješke Toplice,SI-206
SI,Šmartno ob Paki,SI-125
SI,Šmartno pri Litiji,SI-194
SI,Šoštanj,SI-126
SI,Štore,SI-127
SI,Tabor,SI-184
SI,Tišina,SI-010
SI,Tolmin,SI-128
SI,Trbovlje,SI-129
SI,Trebnje,SI-130
SI,Trnovska Vas,SI-185
SI,Trzin,SI-186
SI,Tržič,SI-131
SI,Turnišče,SI-132
SI,Velenje,SI-133
SI,Velika Polana,SI-187
SI,Velike Lašče,SI-134
SI,Veržej,SI-188
SI,Videm,SI-135
SI,Vipava,SI-136
SI,Vitanje,SI-137
SI,Vodice,SI-138
SI,Vojnik,SI-139
SI,Vransko,SI-189
SI,Vrhnika,SI-140
SI,Vuzenica,SI-141
SI,Zagorje ob Savi,SI-142
SI,Zavrč,SI-143
SI,Zreče,SI-144
SI,Žalec,SI-190
SI,Železniki,SI-146
SI,Žetale,SI-191
SI,Žiri,SI-147
SI,Žirovnica,SI-192
SI,Žužemberk,SI-193
SL,Eastern,SL-E
SL,North Western,SL-NW
SL,Northern,SL-N
SL,Southern,SL-S
SL,Western Area,SL-W
SM,Acquaviva,SM-01
SM,Borgo Maggiore,SM-06
SM,Chiesanuova,SM-02
SM,Città di San Marino,SM-07
SM,Domagnano,SM-03
SM,Faetano,SM-04
SM,Fiorentino,SM-05
SM,Montegiardino,SM-08
SM,Serravalle,SM-09
SN,Dakar,SN-DK
SN,Diourbel,SN-DB
SN,Fatick,SN-FK
SN,Kaffrine,SN-KA
SN,Kaolack,SN-KL
SN,Kédougou,SN-KE
SN,Kolda,SN-KD
SN,Louga,SN-LG
SN,Matam,SN-MT
SN,Saint-Louis,SN-SL
SN,Sédhiou,SN-SE
SN,Tambacounda,SN-TC
SN,Thiès,SN-TH
SN,Ziguinchor,SN-ZG
SR,Brokopondo,SR-BR
SR,Commewijne,SR-CM
SR,Coronie,SR-CR
SR,Marowijne,SR-MA
SR,Nickerie,SR-NI
SR,Para,SR-PR
SR,Paramaribo,SR-PM
SR,Saramacca,SR-SA
SR,Sipaliwini,SR-SI
SR,Wanica,SR-WA
SS,Central Equatoria,SS-EC
SS,Eastern Equatoria,SS-EE
SS,Jonglei,SS-JG
SS,Lakes,SS-LK
SS,Northern Bahr el Ghazal,SS-BN
SS,Unity,SS-UY
SS,Upper Nile,SS-NU
SS,Warrap,SS-WR
SS,Western Bahr el Ghazal,SS-BW
SS,Western Equatoria,SS-EW
ST,Água Grande,ST-01
ST,Cantagalo,ST-02
ST,Caué,ST-03
ST,Lembá,ST-04
ST,Lobata,ST-05
ST,Mé-Zóchi,ST-06
ST,Príncipe,ST-P
SV,Ahuachapán,SV-AH
SV,Cabañas,SV-CA
SV,Chalatenango,SV-CH
SV,Cuscatlán,SV-CU
SV,La Libertad,SV-LI
SV,La Paz,SV-PA
SV,La Unión,SV-UN
SV,Morazán,SV-MO
SV,San Miguel,SV-SM
SV,San Salvador,SV-SS
SV,San Vicente,SV-SV
SV,Santa Ana,SV-SA
SV,Sonsonate,SV-SO
SV,Usulután,SV-US
SZ,Hhohho,SZ-HH
SZ,Lubombo,SZ-LU
SZ,Manzini,SZ-MA
SZ,Shiselweni,SZ-SH
TH,Amnat Charoen,TH-37
TH,Ang Thong,TH-15
TH,Bueng Kan,TH-38
TH,Buri Ram,TH-31
TH,Chachoengsao,TH-24
TH,Chai Nat,TH-18
TH,Chaiyaphum,TH-36
TH,Chanthaburi,TH-22
TH,Chiang Mai,TH-50
TH,Chiang Rai,TH-57
TH,Chon Buri,TH-20
TH,Chumphon,TH-86
TH,Kalasin,TH-46
TH,Kamphaeng Phet,TH-62
TH,Kanchanaburi,TH-71
TH,Khon Kaen,TH-40
TH,Krabi,TH-81
TH,Bangkok,TH-10
TH,Lampang,TH-52
TH,Lamphun,TH-51
TH,Loei,TH-42
TH,Lop Buri,TH-16
TH,Mae Hong Son,TH-58
TH,Maha Sarakham,TH-44
TH,Mukdahan,TH-49
TH,Nakhon Nayok,TH-26
TH,Nakhon Pathom,TH-73
TH,Nakhon Phanom,TH-48
TH,Nakhon Ratchasima,TH-30
TH,Nakhon Sawan,TH-60
TH,Nakhon Si Thammarat,TH-80
TH,Nan,TH-55
TH,Narathiwat,TH-96
TH,Nong Bua Lam Phu,TH-39
TH,Nong Khai,TH-43
TH,Nonthaburi,TH-12
TH,Pathum Thani,TH-13
TH,Pattani,TH-94
TH,Phangnga,TH-82
TH,Phatthalung,TH-93
TH,Phatthaya,TH-S
TH,Phayao,TH-56
TH,Phetchabun,TH-67
TH,Phetchaburi,TH-76
TH,Phichit,TH-66
TH,Phitsanulok,TH-65
TH,Phra Nakhon Si Ayutthaya,TH-14
TH,Phrae,TH-54
TH,Phuket,TH-83
TH,Prachin Buri,TH-25
TH,Prachuap Khiri Khan,TH-77
TH,Ranong,TH-85
TH,Ratchaburi,TH-70
TH,Rayong,TH-21
TH,Roi Et,TH-45
TH,Sa Kaeo,TH-27
TH,Sakon Nakhon,TH-47
TH,Samut Prakan,TH-11
TH,Samut Sakhon,TH-74
TH,Samut Songkhram,TH-75
TH,Saraburi,TH-19
TH,Satun,TH-91
TH,Si Sa Ket,TH-33
TH,Sing Buri,TH-17
TH,Songkhla,TH-90
TH,Sukhothai,TH-64
TH,Suphan Buri,TH-72
TH,Surat Thani,TH-84
TH,Surin,TH-32
TH,Tak,TH-63
TH,Trang,TH-92
TH,Trat,TH-23
TH,Ubon Ratchathani,TH-34
TH,Udon Thani,TH-41
TH,Uthai Thani,TH-61
TH,Uttaradit,TH-53
TH,Yala,TH-95
TH,Yasothon,TH-35
TL,Aileu,TL-AL
TL,Ainaro,TL-AN
TL,Baucau,TL-BA
TL,Bobonaro,TL-BO
TL,Cova Lima,TL-CO
TL,Díli,TL-DI
TL,Ermera,TL-ER
TL,Lautém,TL-LA
TL,Liquiça,TL-LI
TL,Manatuto,TL-MT
TL,Manufahi,TL-MF
TL,Oé-Cusse Ambeno,TL-OE
TL,Viqueque,TL-VI
TN,Béja,TN-31
TN,Ben Arous,TN-13
TN,Bizerte,TN-23
TN,Gabès,TN-81
TN,Gafsa,TN-71
TN,Jendouba,TN-32
TN,Kairouan,TN-41
TN,Kasserine,TN-42
TN,Kébili,TN-73
TN,L'Ariana,TN-12
TN,La Manouba,TN-14
TN,Le Kef,TN-33
TN,Mahdia,TN-53
TN,Médenine,TN-82
TN,Monastir,TN-52
TN,Nabeul,TN-21
TN,Sfax,TN-61
TN,Sidi Bouzid,TN-43
TN,Siliana,TN-34
TN,Sousse,TN-51
TN,Tataouine,TN-83
TN,Tozeur,TN-72
TN,Tunis,TN-11
TN,Zaghouan,TN-22
TO,'Eua,TO-01
TO,Ha'apai,TO-02
TO,Niuas,TO-03
TO,Tongatapu,TO-04
TO,Vava'u,TO-05
TR,Adana,TR-01
TR,Adıyaman,TR-02
TR,Afyonkarahisar,TR-03
TR,Ağrı,TR-04
TR,Aksaray,TR-68
TR,Amasya,TR-05
TR,Ankara,TR-06
TR,Antalya,TR-07
TR,Ardahan,TR-75
TR,Artvin,TR-08
TR,Aydın,TR-09
TR,Balıkesir,TR-10
TR,Bartın,TR-74
TR,Batman,TR-72
TR,Bayburt,TR-69
TR,Bilecik,TR-11
TR,Bingöl,TR-12
TR,Bitlis,TR-13
TR,Bolu,TR-14
TR,Burdur,TR-15
TR,Bursa,TR-16
TR,Çanakkale,TR-17
TR,Çankırı,TR-18
TR,Çorum,TR-19
TR,Denizli,TR-20
TR,Diyarbakır,TR-21
TR,Düzce,TR-81
TR,Edirne,TR-22
TR,Elazığ,TR-23
TR,Erzincan,TR-24
TR,Erzurum,TR-25
TR,Eskişehir,TR-26
TR,Gaziantep,TR-27
TR,Giresun,TR-28
TR,Gümüşhane,TR-29
TR,Hakkâri,TR-30
TR,Hatay,TR-31
TR,Iğdır,TR-76
TR,Isparta,TR-32
TR,İstanbul,TR-34
TR,İzmir,TR-35
TR,Kahramanmaraş,TR-46
TR,Karabük,TR-78
TR,Karaman,TR-70
TR,Kars,TR-36
TR,Kastamonu,TR-37
TR,Kayseri,TR-38
TR,Kırıkkale,TR-71
TR,Kırklareli,TR-39
TR,Kırşehir,TR-40
TR,Kilis,TR-79
TR,Kocaeli,TR-41
TR,Konya,TR-42
TR,Kütahya,TR-43
TR,Malatya,TR-44
TR,Manisa,TR-45
TR,Mardin,TR-47
TR,Mersin,TR-33
TR,Muğla,TR-48
TR,Muş,TR-49
TR,Nevşehir,TR-50
TR,Niğde,TR-51
TR,Ordu,TR-52
TR,Osmaniye,TR-80
TR,Rize,TR-53
TR,Sakarya,TR-54
TR,Samsun,TR-55
TR,Siirt,TR-56
TR,Sinop,TR-57
TR,Sivas,TR-58
TR,Şanlıurfa,TR-63
TR,Şırnak,TR-73
TR,Tekirdağ,TR-59
TR,Tokat,TR-60
TR,Trabzon,TR-61
TR,Tunceli,TR-62
TR,Uşak,TR-64
TR,Van,TR-65
TR,Yalova,TR-77
TR,Yozgat,TR-66
TR,Zonguldak,TR-67
TT,Arima,TT-ARI
TT,Chaguanas,TT-CHA
TT,Couva-Tabaquite-Talparo,TT-CTT
TT,Diego Martin,TT-DMN
TT,Mayaro-Rio Claro,TT-MRC
TT,Penal-Debe,TT-PED
TT,Port of Spain,TT-POS
TT,Princes Town,TT-PRT
TT,Point Fortin,TT-PTF
TT,San Fernando,TT-SFO
TT,Sangre Grande,TT-SGE
TT,Siparia,TT-SIP
TT,San Juan-Laventille,TT-SJL
TT,Tobago,TT-TOB
TT,Tunapuna-Piarco,TT-TUP
TV,Funafuti,TV-FUN
TV,Nanumaga,TV-NMG
TV,Nanumea,TV-NMA
TV,Niutao,TV-NIT
TV,Nui,TV-NUI
TV,Nukufetau,TV-NKF
TV,Nukulaelae,TV-NKL
TV,Vaitupu,TV-VAI
TW,Changhua,TW-CHA
TW,Chiayi,TW-CYI
TW,Chiayi,TW-CYQ
TW,Hsinchu,TW-HSZ
TW,Hsinchu,TW-HSQ
TW,Hualien,TW-HUA
TW,Kaohsiung,TW-KHH
TW,Keelung,TW-KEE
TW,Kinmen,TW-KIN
TW,Lienchiang,TW-LIE
TW,Miaoli,TW-MIA
TW,Nantou,TW-NAN
TW,New Taipei,TW-NWT
TW,Penghu,TW-PEN
TW,Pingtung,TW-PIF
TW,Taichung,TW-TXG
TW,Tainan,TW-TNN
TW,Taipei,TW-TPE
TW,Taitung,TW-TTT
TW,Taoyuan,TW-TAO
TW,Yilan,TW-ILA
TW,Yunlin,TW-YUN
TZ,Arusha,TZ-01
TZ,Dar es Salaam,TZ-02
TZ,Dodoma,TZ-03
TZ,Geita,TZ-27
TZ,Iringa,TZ-04
TZ,Kagera,TZ-05
TZ,Katavi,TZ-28
TZ,Kigoma,TZ-08
TZ,Kilimanjaro,TZ-09
TZ,Lindi,TZ-12
TZ,Manyara,TZ-26
TZ,Mara,TZ-13
TZ,Mbeya,TZ-14
TZ,Morogoro,TZ-16
TZ,Mtwara,TZ-17
TZ,Mwanza,TZ-18
TZ,Njombe,TZ-29
TZ,Rukwa,TZ-20
TZ,Ruvuma,TZ-21
TZ,Shinyanga,TZ-22
TZ,Simiyu,TZ-30
TZ,Singida,TZ-23
TZ,Tabora,TZ-24
TZ,Tanga,TZ-25
UG,Central,UG-C
UG,Eastern,UG-E
UG,Northern,UG-N
UG,Western,UG-W
UG,Abim,UG-314
UG,Adjumani,UG-301
UG,Agago,UG-322
UG,Alebtong,UG-323
UG,Amolatar,UG-315
UG,Amudat,UG-324
UG,Amuria,UG-216
UG,Amuru,UG-316
UG,Apac,UG-302
UG,Arua,UG-303
UG,Budaka,UG-217
UG,Bududa,UG-218
UG,Bugiri,UG-201
UG,Bugweri,UG-235
UG,Buhweju,UG-420
UG,Buikwe,UG-117
UG,Bukedea,UG-219
UG,Bukomansibi,UG-118
UG,Bukwo,UG-220
UG,Bulambuli,UG-225
UG,Buliisa,UG-416
UG,Bundibugyo,UG-401
UG,Bunyangabu,UG-430
UG,Bushenyi,UG-402
UG,Busia,UG-202
UG,Butaleja,UG-221
UG,Butambala,UG-119
UG,Butebo,UG-233
UG,Buvuma,UG-120
UG,Buyende,UG-226
UG,Dokolo,UG-317
UG,Gomba,UG-121
UG,Gulu,UG-304
UG,Hoima,UG-403
UG,Ibanda,UG-417
UG,Iganga,UG-203
UG,Isingiro,UG-418
UG,Jinja,UG-204
UG,Kaabong,UG-318
UG,Kabale,UG-404
UG,Kabarole,UG-405
UG,Kaberamaido,UG-213
UG,Kagadi,UG-427
UG,Kakumiro,UG-428
UG,Kalaki,UG-237
UG,Kalangala,UG-101
UG,Kaliro,UG-222
UG,Kalungu,UG-122
UG,Kampala,UG-102
UG,Kamuli,UG-205
UG,Kamwenge,UG-413
UG,Kanungu,UG-414
UG,Kapchorwa,UG-206
UG,Kapelebyong,UG-236
UG,Karenga,UG-335
UG,Kasanda,UG-126
UG,Kasese,UG-406
UG,Katakwi,UG-207
UG,Kayunga,UG-112
UG,Kazo,UG-433
UG,Kibaale,UG-407
UG,Kiboga,UG-103
UG,Kibuku,UG-227
UG,Kikuube,UG-432
UG,Kiruhura,UG-419
UG,Kiryandongo,UG-421
UG,Kisoro,UG-408
UG,Kitagwenda,UG-434
UG,Kitgum,UG-305
UG,Koboko,UG-319
UG,Kole,UG-325
UG,Kotido,UG-306
UG,Kumi,UG-208
UG,Kwania,UG-333
UG,Kween,UG-228
UG,Kyankwanzi,UG-123
UG,Kyegegwa,UG-422
UG,Kyenjojo,UG-415
UG,Kyotera,UG-125
UG,Lamwo,UG-326
UG,Lira,UG-307
UG,Luuka,UG-229
UG,Luwero,UG-104
UG,Lwengo,UG-124
UG,Lyantonde,UG-114
UG,Madi-Okollo,UG-336
UG,Manafwa,UG-223
UG,Maracha,UG-320
UG,Masaka,UG-105
UG,Masindi,UG-409
UG,Mayuge,UG-214
UG,Mbale,UG-209
UG,Mbarara,UG-410
UG,Mitooma,UG-423
UG,Mityana,UG-115
UG,Moroto,UG-308
UG,Moyo,UG-309
UG,Mpigi,UG-106
UG,Mubende,UG-107
UG,Mukono,UG-108
UG,Nabilatuk,UG-334
UG,Nakapiripirit,UG-311
UG,Nakaseke,UG-116
UG,Nakasongola,UG-109
UG,Namayingo,UG-230
UG,Namisindwa,UG-234
UG,Namutumba,UG-224
UG,Napak,UG-327
UG,Nebbi,UG-310
UG,Ngora,UG-231
UG,Ntoroko,UG-424
UG,Ntungamo,UG-411
UG,Nwoya,UG-328
UG,Obongi,UG-337
UG,Omoro,UG-331
UG,Otuke,UG-329
UG,Oyam,UG-321
UG,Pader,UG-312
UG,Pakwach,UG-332
UG,Pallisa,UG-210
UG,Rakai,UG-110
UG,Rubanda,UG-429
UG,Rubirizi,UG-425
UG,Rukiga,UG-431
UG,Rukungiri,UG-412
UG,Rwampara,UG-435
UG,Sembabule,UG-111
UG,Serere,UG-232
UG,Sheema,UG-426
UG,Sironko,UG-215
UG,Soroti,UG-211
UG,Tororo,UG-212
UG,Wakiso,UG-113
UG,Yumbe,UG-313
UG,Zombo,UG-330
UM,Baker Island,UM-81
UM,Howland Island,UM-84
UM,Jarvis Island,UM-86
UM,Johnston Atoll,UM-67
UM,Kingman Reef,UM-89
UM,Midway Islands,UM-71
UM,Navassa Island,UM-76
UM,Palmyra Atoll,UM-95
UM,Wake Island,UM-79
US,Alabama,US-AL
US,Alaska,US-AK
US,Arizona,US-AZ
US,Arkansas,US-AR
US,California,US-CA
US,Colorado,US-CO
US,Connecticut,US-CT
US,Delaware,US-DE
US,Florida,US-FL
US,Georgia,US-GA
US,Hawaii,US-HI
US,Idaho,US-ID
US,Illinois,US-IL
US,Indiana,US-IN
US,Iowa,US-IA
US,Kansas,US-KS
US,Kentucky,US-KY
US,Louisiana,US-LA
US,Maine,US-ME
US,Maryland,US-MD
US,Massachusetts,US-MA
US,Michigan,US-MI
US,Minnesota,US-MN
US,Mississippi,US-MS
US,Missouri,US-MO
US,Montana,US-MT
US,Nebraska,US-NE
US,Nevada,US-NV
US,New Hampshire,US-NH
US,New Jersey,US-NJ
US,New Mexico,US-NM
US,New York,US-NY
US,North Carolina,US-NC
US,North Dakota,US-ND
US,Ohio,US-OH
US,Oklahoma,US-OK
US,Oregon,US-OR
US,Pennsylvania,US-PA
US,Rhode Island,US-RI
US,South Carolina,US-SC
US,South Dakota,US-SD
US,Tennessee,US-TN
US,Texas,US-TX
US,Utah,US-UT
US,Vermont,US-VT
US,Virginia,US-VA
US,Washington,US-WA
US,West Virginia,US-WV
US,Wisconsin,US-WI
US,Wyoming,US-WY
US,District of Columbia,US-DC
US,American Samoa,US-AS
US,Guam,US-GU
US,Northern Mariana Islands,US-MP
US,Puerto Rico,US-PR
US,United States Minor Outlying Islands,US-UM
US,"Virgin Islands, U.S.",US-VI
UY,Artigas,UY-AR
UY,Canelones,UY-CA
UY,Cerro Largo,UY-CL
UY,Colonia,UY-CO
UY,Durazno,UY-DU
UY,Flores,UY-FS
UY,Florida,UY-FD
UY,Lavalleja,UY-LA
UY,Maldonado,UY-MA
UY,Montevideo,UY-MO
UY,Paysandú,UY-PA
UY,Río Negro,UY-RN
UY,Rivera,UY-RV
UY,Rocha,UY-RO
UY,Salto,UY-SA
UY,San José,UY-SJ
UY,Soriano,UY-SO
UY,Tacuarembó,UY-TA
UY,Treinta y Tres,UY-TT
VC,Charlotte,VC-01
VC,Grenadines,VC-06
VC,Saint Andrew,VC-02
VC,Saint David,VC-03
VC,Saint George,VC-04
VC,Saint Patrick,VC-05
VN,An Giang,VN-44
VN,Bà Rịa - Vũng Tàu,VN-43
VN,Bắc Giang,VN-54
VN,Bắc Kạn,VN-53
VN,Bạc Liêu,VN-55
VN,Bắc Ninh,VN-56
VN,Bến Tre,VN-50
VN,Bình Định,VN-31
VN,Bình Dương,VN-57
VN,Bình Phước,VN-58
VN,Bình Thuận,VN-40
VN,Cà Mau,VN-59
VN,Cần Thơ,VN-CT
VN,Cao Bằng,VN-04
VN,Đà Nẵng,VN-DN
VN,Đắk Lắk,VN-33
VN,Đắk Nông,VN-72
VN,Điện Biên,VN-71
VN,Đồng Nai,VN-39
VN,Đồng Tháp,VN-45
VN,Gia Lai,VN-30
VN,Hà Giang,VN-03
VN,Hà Nam,VN-63
VN,Hà Nội,VN-HN
VN,Hà Tĩnh,VN-23
VN,Hải Dương,VN-61
VN,Hải Phòng,VN-HP
VN,Hậu Giang,VN-73
VN,Hồ Chí Minh,VN-SG
VN,Hòa Bình,VN-14
VN,Hưng Yên,VN-66
VN,Khánh Hòa,VN-34
VN,Kiến Giang,VN-47
VN,Kon Tum,VN-28
VN,Lai Châu,VN-01
VN,Lâm Đồng,VN-35
VN,Lạng Sơn,VN-09
VN,Lào Cai,VN-02
VN,Long An,VN-41
VN,Nam Định,VN-67
VN,Nghệ An,VN-22
VN,Ninh Bình,VN-18
VN,Ninh Thuận,VN-36
VN,Phú Thọ,VN-68
VN,Phú Yên,VN-32
VN,Quảng Bình,VN-24
VN,Quảng Nam,VN-27
VN,Quảng Ngãi,VN-29
VN,Quảng Ninh,VN-13
VN,Quảng Trị,VN-25
VN,Sóc Trăng,VN-52
VN,Sơn La,VN-05
VN,Tây Ninh,VN-37
VN,Thái Bình,VN-20
VN,Thái Nguyên,VN-69
VN,Thanh Hóa,VN-21
VN,Thừa Thiên-Huế,VN-26
VN,Tiền Giang,VN-46
VN,Trà Vinh,VN-51
VN,Tuyên Quang,VN-07
VN,Vĩnh Long,VN-49
VN,Vĩnh Phúc,VN-70
VN,Yên Bái,VN-06
VU,Malampa,VU-MAP
VU,Pénama,VU-PAM
VU,Sanma,VU-SAM
VU,Shéfa,VU-SEE
VU,Taféa,VU-TAE
VU,Torba,VU-TOB
WF,Alo,WF-AL
WF,Sigave,WF-SG
WF,Uvea,WF-UV
WS,A'ana,WS-AA
WS,Aiga-i-le-Tai,WS-AL
WS,Atua,WS-AT
WS,Fa'asaleleaga,WS-FA
WS,Gaga'emauga,WS-GE
WS,Gagaifomauga,WS-GI
WS,Palauli,WS-PA
WS,Satupa'itea,WS-SA
WS,Tuamasaga,WS-TU
WS,Va'a-o-Fonoti,WS-VF
WS,Vaisigano,WS-VS
ZA,Eastern Cape,ZA-EC
ZA,Free State,ZA-FS
ZA,Gauteng,ZA-GP
ZA,Kwazulu-Natal,ZA-KZN
ZA,Limpopo,ZA-LP
ZA,Mpumalanga,ZA-MP
ZA,North-West,ZA-NW
ZA,Northern Cape,ZA-NC
ZA,Western Cape,ZA-WC
ZM,Central,ZM-02
ZM,Copperbelt,ZM-08
ZM,Eastern,ZM-03
ZM,Luapula,ZM-04
ZM,Lusaka,ZM-09
ZM,Muchinga,ZM-10
ZM,North-Western,ZM-06
ZM,Northern,ZM-05
ZM,Southern,ZM-07
ZM,Western,ZM-01
ZW,Bulawayo,ZW-BU
ZW,Harare,ZW-HA
ZW,Manicaland,ZW-MA
ZW,Mashonaland Central,ZW-MC
ZW,Mashonaland East,ZW-ME
ZW,Mashonaland West,ZW-MW
ZW,Masvingo,ZW-MV
ZW,Matabeleland North,ZW-MN
ZW,Matabeleland South,ZW-MS
ZW,Midlands,ZW-MI
